circonscriptionId,delegationId,subDelegationId,centerID,stationId,registeredVoters,aSigningVoters,bDeliveredBallots,cSpoiledBallots,dLeftBallots,eCplusD,fExtractedBallots,gEplusF,hBminusG,iAminusF,jListVotes,kCancelledVotes,lBlankVotes,mJplusKplusL,nFminusM,countingStart,countingEnd,tampon,آفاق تونس, قائمة اتحاد الشباب الديمقراطى التونسى, قائمة اتحاد القوى الشبابية , قائمة احرار ولاية الكاف, قائمة الارادة الحرة, قائمة الجبهة الوطنية للانقاذ, قائمة الحزب الجمهورى , قائمة الحزب الشعبى التقدمى, قائمة الحق فى التنمية, قائمة الصوت العالى للجهة المنسية, قائمة الكاف تريد, قائمة الكاف للتقدم و النماء, قائمة المستقلون, قائمة النور, قائمة الوحدة الدستورية, قائمة بناء تونس بالبيئة و استغلال مواردها, قائمة تيار المحبة, قائمة جسور البناء, قائمة حركة التونسى, قائمة حركة الديمقراطيين الاشتراكيين, قائمة حركة الشعب,حركة نداء تونس, قائمة حركة وفاء,الاتحاد الوطني الحر, قائمة حزب الامان, قائمة حزب الانفتاح و الوفاء, قائمة حزب البناء الوطنى, قائمة حزب التحالف الديمقراطى, قائمة حزب التكتل, قائمة حزب التيار الديمقراطى, قائمة حزب الخضر, قائمة حزب المبادرة,حركة النهضة, قائمة حزب صوت شعب تونس,الجبهة الشعبية,قائمة الحزب الاشتراكى,قائمة الميزان,قائمة حزب المؤتمر من اجل الجمهورية,observers
7,8,12,133,1,62,43,100,0,57,57,43,100,0,0,40,2,1,43,0,False,18.05,18.50,0,0,0,0,0,0,0,0,0,0,0,0,0,0,0,2,2,0,0,0,0,8,0,9,0,0,0,0,1,0,0,0,11,0,1,0,6,0, قائمة حركة نداء تونس:   قائمة حزب حركة النهضة :1  
7,8,12,132,1,200,118,300,0,182,182,118,300,0,0,113,4,1,118,0,False,18.15,19.30,1,1,0,1,0,1,0,0,1,0,1,0,3,2,0,0,1,0,0,0,0,50,2,3,2,0,0,0,0,0,0,1,25,2,8,0,7,1, قائمة حزب حركة النهضة :1   قائمة حركة نداء تونس:1  
7,8,11,131,1,133,69,200,0,131,131,69,200,0,0,62,3,4,69,0,False,18.05,19.45,0,0,0,2,0,1,0,0,0,0,1,0,0,1,0,1,22,1,0,1,0,15,1,2,0,0,0,0,0,0,0,0,11,0,0,1,1,1, قائمة تيار المحبة:1   قائمة حزب حركة النهضة :1   قائمة حركة نداء تونس:1  
7,8,11,130,1,76,47,100,1,53,54,46,100,0,1,42,3,1,46,0,False,18.05,19.27,1,1,0,0,1,0,0,0,0,0,1,0,0,0,0,1,8,0,1,2,0,5,1,0,0,0,0,1,0,0,0,0,6,0,12,0,1,0,:  
7,8,10,129,2,374,168,400,0,232,232,168,400,0,0,158,7,3,168,0,False,18:11,19:29,3,1,0,1,2,0,2,0,0,0,1,1,0,0,0,0,1,0,0,0,0,38,3,12,0,0,0,2,1,1,1,0,67,0,13,1,6,1, قائمة حزب حركة النهضة :1  قائمة الجبهة الشعبية:1   قائمة حزب الاتحاد الوطنى الحر:1  
7,8,10,129,1,375,250,400,0,150,150,250,400,0,0,205,33,12,250,0,False,18:10,20:55,1,2,3,0,0,0,2,1,0,1,4,0,3,2,1,2,1,0,2,1,0,69,2,8,1,0,0,4,1,1,2,4,51,0,25,2,6,3,قائمة الجبهة الشعبية:1   قائمة حركة نداء تونس:1   قائمة حزب حركة النهضة :1   قائمة حزب الاتحاد الوطنى الحر:1  
7,8,9,128,1,204,129,300,1,170,171,129,300,0,0,119,7,3,129,0,False,1818,1921,2,1,1,1,1,0,0,1,1,0,2,0,3,0,0,2,0,0,1,1,2,61,0,3,0,0,0,0,0,0,5,0,23,0,7,1,0,0, قائمة حزب حركة النهضة :1  قائمة الجبهة الشعبية:1   قائمة حركة نداء تونس:1  
7,8,9,127,1,242,142,300,0,158,158,142,300,0,0,121,19,2,142,0,False,18:35,20:13,0,0,0,1,3,1,3,0,0,0,1,0,0,5,0,3,2,0,1,0,1,63,0,5,0,0,0,0,1,0,3,0,17,0,5,0,6,0, قائمة حركة نداء تونس:2   قائمة تيار المحبة:  
7,8,9,126,1,220,116,300,0,184,184,116,300,0,0,104,3,9,116,0,True,1810,1857,0,1,1,1,2,0,0,2,0,0,2,0,6,1,0,1,1,0,0,0,2,23,0,10,0,1,0,1,1,1,0,2,36,1,5,0,3,0, قائمة حركة نداء تونس:1   قائمة حزب حركة النهضة :1  
7,8,8,125,1,175,91,200,0,109,109,91,200,0,0,80,8,3,91,0,False,1810,2000,1,0,1,4,2,1,3,0,0,2,2,0,0,2,1,0,1,1,2,0,3,32,2,4,0,0,2,1,1,1,4,0,3,0,2,1,0,1, قائمة حركة نداء تونس:  قائمة الجبهة الشعبية:  
7,8,8,124,1,339,174,400,0,226,226,174,400,0,0,143,18,13,174,0,True,18:04,19:40,1,1,1,1,0,1,2,1,1,3,3,1,4,4,0,1,0,0,0,3,0,75,5,4,1,0,0,0,2,0,0,3,14,1,4,2,2,2, قائمة حزب حركة النهضة :1   قائمة حركة نداء تونس:1  
7,8,7,123,1,149,103,200,0,97,97,103,200,0,0,94,6,3,103,0,False,1820,1915,1,1,1,0,0,0,0,1,2,2,0,0,1,3,0,0,7,0,2,0,4,29,3,7,1,0,1,1,0,0,0,1,18,0,0,5,2,1, قائمة حزب حركة النهضة :1   قائمة حركة نداء تونس:1  
7,8,7,122,1,313,168,400,0,232,232,168,400,0,0,140,16,12,168,0,False,1805,2030,2,3,0,1,0,1,3,1,2,2,1,1,0,1,0,0,2,3,2,0,2,37,6,11,0,0,0,3,0,0,0,5,39,2,7,0,2,1, قائمة حزب حركة النهضة :1   قائمة حركة نداء تونس:2   قائمة حركة التونسى:1   قائمة حزب الاتحاد الوطنى الحر:1  
7,8,7,121,1,284,128,300,0,172,172,128,300,0,0,122,6,0,128,0,False,1800,1912,4,1,0,1,0,0,1,0,0,0,2,2,0,3,1,0,2,0,0,0,0,51,1,5,2,1,0,1,3,0,0,0,24,0,7,0,9,1, قائمة حركة نداء تونس:1   قائمة حزب حركة النهضة :1  
7,8,6,120,1,250,165,300,11,124,135,165,300,0,0,145,15,5,165,0,False,18:00,20:00,2,0,0,1,0,0,1,0,0,2,0,0,2,4,0,0,2,0,0,0,1,88,5,16,0,1,0,0,0,0,1,1,5,1,5,2,5,0, قائمة حزب حركة النهضة :1   قائمة حزب المبادرة:1  قائمة الجبهة الشعبية:1  
7,8,5,119,1,248,130,300,0,170,170,130,300,0,0,122,7,1,130,0,False,1800,2125,1,1,1,3,0,5,1,0,1,0,0,0,1,1,1,1,1,0,0,1,0,29,0,8,0,2,0,1,1,2,1,2,29,1,25,0,1,1, قائمة حزب حركة النهضة :1  قائمة الجبهة الشعبية:1  
7,8,5,118,2,415,199,500,0,304,304,199,500,0,0,194,2,3,199,0,True,18:15,19:55,5,1,2,2,1,1,5,1,1,1,1,1,1,1,0,0,3,0,0,1,5,96,3,8,2,0,1,0,0,1,3,0,35,2,9,0,0,1, قائمة حزب حركة النهضة :1  قائمة الجبهة الشعبية:1   قائمة حزب الاتحاد الوطنى الحر:1  
7,8,5,118,1,415,276,500,1,224,225,275,500,0,1,227,13,35,275,0,True,18:30,20:30,7,0,2,4,0,2,3,3,3,3,1,3,2,4,3,1,1,0,0,4,3,102,3,9,0,0,0,0,0,3,2,2,27,2,17,2,7,2, قائمة حزب حركة النهضة :1   قائمة حركة نداء تونس:1   قائمة حزب الاتحاد الوطنى الحر:1  
7,8,4,117,1,570,412,600,0,188,188,412,600,0,0,334,52,26,412,0,False,18:30,21:00,4,1,4,3,0,1,3,3,4,1,2,1,4,3,1,0,2,1,2,1,6,124,5,13,2,1,4,2,2,5,0,2,64,2,38,4,16,3, قائمة حركة نداء تونس:1   قائمة حزب حركة النهضة :1  قائمة الجبهة الشعبية:1  
7,8,4,116,4,557,317,596,14,265,279,317,596,0,0,313,2,2,317,0,True,18:00,20:04,8,1,0,3,1,0,5,0,0,0,0,0,1,0,0,0,0,0,2,0,2,92,0,41,1,0,2,4,0,8,0,1,76,1,46,1,12,5, قائمة حزب حركة النهضة :1   قائمة حركة نداء تونس:1  قائمة الجبهة الشعبية:1  
7,8,4,116,3,560,415,600,0,185,185,415,600,0,0,400,4,11,415,0,False,1815,2040,6,2,0,1,2,0,3,0,5,1,1,0,0,0,0,0,5,1,2,1,6,117,3,15,2,0,3,5,0,8,0,4,117,0,69,1,8,12,:  
7,8,4,116,2,560,464,600,1,136,137,463,600,0,1,427,22,14,463,0,False,18:20,,4,0,0,1,1,0,2,1,1,2,1,0,0,0,1,2,2,0,11,1,15,155,3,14,0,2,5,4,1,7,2,2,112,6,54,2,8,5, قائمة حزب حركة النهضة :1   قائمة حركة نداء تونس:1  قائمة الجبهة الشعبية:1   قائمة حزب الاتحاد الوطنى الحر:1  
7,8,4,116,1,560,425,600,1,175,176,424,600,0,1,363,24,37,424,0,False,18:30,21:00,4,1,3,0,2,2,2,1,2,3,4,2,1,4,2,1,0,1,6,2,3,140,8,6,0,5,5,2,3,9,3,3,74,1,42,2,10,4, قائمة حركة نداء تونس:1   قائمة حزب حركة النهضة :1  قائمة الجبهة الشعبية:1  
7,8,3,115,2,463,274,500,0,226,226,274,500,0,0,261,8,5,274,0,True,1830,2015,1,0,1,1,2,2,1,0,0,0,3,0,0,2,2,0,4,0,1,1,2,105,2,17,0,0,5,1,0,2,1,1,49,1,38,2,8,6, قائمة حزب حركة النهضة :1   قائمة حركة نداء تونس:1  قائمة الجبهة الشعبية:1   قائمة حزب الاتحاد الوطنى الحر:1  قائمة حزب المؤتمر من اجل الجمهورية:1  
7,8,3,115,1,464,356,500,0,144,144,356,500,0,0,302,44,10,356,0,False,18:15,20:45,1,2,1,4,2,0,4,4,2,2,0,2,2,7,3,2,2,0,6,0,4,117,3,14,0,0,0,0,3,2,1,3,55,1,38,3,8,4, قائمة حركة نداء تونس:1  قائمة الجبهة الشعبية:1   قائمة حزب حركة النهضة :1  قائمة حزب المؤتمر من اجل الجمهورية:1   قائمة حزب الاتحاد الوطنى الحر:1  
7,8,3,114,1,287,197,400,1,202,203,197,400,0,0,183,9,5,197,0,True,18:38,19:49,0,2,0,1,0,0,2,1,0,1,1,1,1,1,1,1,0,0,2,0,2,80,3,3,1,0,1,0,0,0,0,2,32,0,9,0,34,1, قائمة حزب حركة النهضة :1   قائمة حركة نداء تونس:1  
7,8,2,113,2,596,368,696,3,325,328,368,696,0,0,355,12,1,368,0,False,1810,2034,3,1,3,3,1,0,1,0,2,1,0,1,1,0,1,1,2,0,1,2,1,129,11,33,1,1,1,4,1,2,1,0,101,2,28,0,10,5, قائمة حركة نداء تونس:1  قائمة حزب المؤتمر من اجل الجمهورية:1  قائمة الجبهة الشعبية:1   قائمة حزب حركة النهضة :1  :  
7,8,2,113,1,596,459,700,7,234,241,459,700,0,0,397,31,31,459,0,True,18.45,21.30,2,1,4,6,1,0,4,0,2,1,3,0,3,10,2,2,1,0,4,0,5,137,10,31,1,1,2,5,2,2,0,7,98,2,33,3,11,1,قائمة الجبهة الشعبية:1   قائمة حزب حركة النهضة :1   قائمة حركة نداء تونس:1  
7,8,2,112,1,377,264,400,0,136,136,264,400,0,0,239,25,0,264,0,False,18.00,21.00,0,1,1,0,0,1,1,2,0,3,0,0,2,3,0,1,1,0,1,0,3,120,2,14,0,1,0,0,0,4,0,1,25,0,13,0,38,1, قائمة حزب حركة النهضة :1   قائمة حركة نداء تونس:1  
7,8,2,111,4,465,253,501,8,240,248,253,501,0,0,250,1,2,253,0,False,1810,1943,0,1,0,1,0,0,0,0,0,0,0,0,1,0,2,0,0,0,0,0,2,95,3,29,0,0,1,1,0,8,0,0,58,0,41,1,5,1, قائمة حزب حركة النهضة :1   قائمة حزب المبادرة:1  قائمة الجبهة الشعبية:1   قائمة حزب الاتحاد الوطنى الحر:1   قائمة حركة نداء تونس:1  
7,8,2,111,2,465,390,499,0,109,109,390,499,0,0,364,11,15,390,0,False,18:19,21:02,2,0,0,0,3,0,3,0,1,0,0,0,0,0,0,1,0,0,1,0,6,164,0,22,0,0,3,3,0,7,0,1,92,1,46,2,5,1, قائمة حزب حركة النهضة :2   قائمة حركة نداء تونس:1  قائمة الجبهة الشعبية:1  
7,8,2,111,1,465,360,500,1,139,140,360,500,0,0,312,40,8,360,0,False,1855,2230,1,0,2,0,1,0,2,2,2,0,2,2,1,5,1,2,5,1,1,0,7,124,6,12,0,1,0,3,0,7,1,0,65,1,47,3,4,1, قائمة حركة نداء تونس:1   قائمة حزب حركة النهضة :1  قائمة الجبهة الشعبية:1  
7,8,2,110,3,512,308,600,0,292,292,308,600,0,0,303,4,1,308,0,False,1830,2030,3,0,0,1,1,2,2,0,1,0,0,1,1,0,2,0,1,0,1,0,1,106,2,24,0,1,0,0,0,12,0,1,71,0,56,0,4,9, قائمة حركة نداء تونس:1   قائمة حزب حركة النهضة :1  قائمة الجبهة الشعبية:1  قائمة حزب المؤتمر من اجل الجمهورية:1   قائمة حزب الاتحاد الوطنى الحر:1  
7,8,2,110,2,513,406,597,5,186,191,406,597,0,0,402,2,2,406,0,False,1830,1930,4,0,0,2,2,0,1,0,1,1,0,0,0,0,0,0,2,0,2,0,4,120,1,17,1,0,2,3,2,7,0,1,115,1,103,1,3,6, قائمة حركة نداء تونس:1   قائمة حزب حركة النهضة :1  قائمة الجبهة الشعبية:1   قائمة حزب الاتحاد الوطنى الحر:1  
7,8,2,110,1,513,378,600,3,220,223,377,600,0,1,345,23,9,377,0,False,1810,2212,1,1,1,2,0,1,3,2,2,3,1,0,2,4,3,0,2,1,4,0,3,150,4,14,0,0,2,2,1,4,3,3,66,1,45,3,4,7, قائمة حركة نداء تونس:1   قائمة حزب حركة النهضة :1  قائمة الجبهة الشعبية:1  قائمة حزب المؤتمر من اجل الجمهورية:1   قائمة حزب الاتحاد الوطنى الحر:1  
7,8,1,109,1,202,104,300,0,196,196,104,300,0,0,96,7,1,104,0,True,18h,19h50,1,0,0,2,1,0,1,0,0,0,1,0,0,1,0,0,5,0,2,0,0,34,1,7,0,0,1,2,0,2,0,3,15,1,8,2,6,0, قائمة تيار المحبة:1   قائمة حزب حركة النهضة :1  
7,9,7,153,1,297,131,400,0,269,269,131,400,0,0,118,3,10,131,0,False,18.15,19.01,3,0,0,0,0,0,0,0,1,0,3,0,1,7,0,0,3,1,0,2,2,53,2,3,1,1,1,0,0,0,0,1,21,1,1,4,6,0, قائمة تيار المحبة:1   قائمة حزب حركة النهضة :1   قائمة حركة نداء تونس:1  
7,9,6,152,1,268,148,298,2,148,150,148,298,0,0,122,20,6,148,0,False,1800,1930,3,2,0,0,1,2,0,0,3,1,2,0,9,5,0,2,2,0,1,0,1,49,1,5,0,0,0,0,0,0,3,1,18,0,6,2,0,3, قائمة حركة نداء تونس:2   قائمة حزب حركة النهضة :2  قائمة الحزب الاشتراكى:1  
7,9,6,151,1,424,231,500,2,267,269,231,500,0,0,199,24,8,231,0,False,1830,2011,4,1,3,2,4,2,5,1,2,3,4,0,1,1,1,5,9,0,1,0,3,77,6,3,0,0,1,4,3,1,0,2,32,3,7,2,5,1,قائمة الحزب الاشتراكى:1   قائمة حزب حركة النهضة :2   قائمة حركة نداء تونس:1  
7,9,5,150,1,399,285,500,0,215,215,285,500,0,0,236,41,8,285,0,False,18.15,21.27,0,2,4,6,0,0,0,2,0,1,0,0,5,5,2,3,4,0,0,0,0,143,7,5,0,1,1,1,0,0,2,0,18,1,3,16,4,0, قائمة الوحدة الدستورية:1   قائمة حركة نداء تونس:1  قائمة حزب المؤتمر من اجل الجمهورية:1   قائمة حركة الديمقراطيين الاشتراكيين:1   قائمة تيار المحبة:1   قائمة حزب حركة النهضة :2  
7,9,5,149,1,310,209,405,0,196,196,209,405,0,0,191,15,3,209,0,False,18.28,20.30,1,0,0,2,0,0,0,1,0,0,2,0,9,3,0,1,5,1,0,1,2,71,2,4,2,0,2,1,0,0,0,1,71,0,1,2,5,1, قائمة حركة نداء تونس:1   قائمة حزب حركة النهضة :2   قائمة حزب البناء الوطنى:1  
7,9,5,148,1,109,73,200,0,127,127,73,200,0,0,70,3,0,73,0,True,"18,15","19,15",0,1,1,0,0,3,0,0,0,0,0,0,0,0,0,0,0,0,0,2,1,31,1,1,1,1,0,1,0,0,0,0,23,0,3,0,0,0,قائمة الحزب الاشتراكى:  قائمة حزب المؤتمر من اجل الجمهورية:   قائمة حركة نداء تونس:   قائمة الحق فى التنمية:  
7,9,4,147,1,158,87,200,0,13,13,87,100,100,0,84,2,1,87,0,False,1818,,0,1,2,3,0,10,3,0,1,2,0,0,1,3,2,0,2,0,0,0,2,40,1,1,1,0,0,0,0,0,0,0,13,1,0,2,0,0, قائمة الوحدة الدستورية:1   قائمة حزب حركة النهضة :1   قائمة حركة نداء تونس:1  قائمة الحزب الاشتراكى:1  
7,9,4,146,1,131,61,200,0,139,139,61,200,0,0,55,5,1,61,0,False,1815,1859,0,0,0,1,1,0,0,0,0,0,0,0,1,1,0,0,0,0,0,0,2,23,1,0,0,0,0,0,0,0,0,0,20,0,2,2,0,1, قائمة حزب حركة النهضة :1   قائمة حركة نداء تونس:1   قائمة الوحدة الدستورية:1  
7,9,4,145,1,231,135,300,0,165,165,135,300,0,0,123,6,6,135,0,False,1830,1933,1,0,1,2,0,0,1,0,0,0,1,1,1,1,1,0,0,0,1,4,0,72,0,5,0,0,0,0,0,0,0,2,21,1,0,3,2,2,قائمة حزب المؤتمر من اجل الجمهورية:1   قائمة حزب حركة النهضة :2   قائمة الوحدة الدستورية:1   قائمة حركة نداء تونس:2  
7,9,3,143,1,85,45,100,1,54,55,45,100,0,0,45,0,0,45,0,True,1800,1902,0,0,1,0,1,0,0,0,0,0,0,1,0,0,0,0,1,0,0,0,1,27,0,0,0,0,0,0,0,0,1,0,10,0,1,1,0,0, قائمة حزب حركة النهضة :1   قائمة حركة نداء تونس:1  
7,9,3,142,1,161,91,200,1,108,109,91,200,0,0,73,14,4,91,0,False,18:00,18:35,0,1,3,0,0,0,0,0,0,1,0,0,0,0,0,0,1,0,0,0,1,52,3,1,0,0,0,1,0,0,0,2,6,0,0,0,0,0, قائمة حزب حركة النهضة :2   قائمة حركة نداء تونس:2  
7,9,3,141,1,185,108,200,0,92,92,108,200,0,0,89,6,13,108,0,False,18:01,19:07,0,0,0,0,0,0,1,0,0,0,0,0,1,5,0,0,1,0,0,10,0,45,1,1,0,0,0,0,0,0,0,0,17,1,4,1,0,1, قائمة حزب حركة النهضة :   قائمة حركة نداء تونس:   قائمة الوحدة الدستورية:   قائمة حركة الديمقراطيين الاشتراكيين:  
7,9,3,140,1,421,273,500,1,226,227,273,500,0,0,231,12,30,273,0,False,18,20,0,6,1,0,0,1,1,0,1,1,3,2,3,6,3,1,1,0,0,2,0,167,5,5,0,1,0,1,1,1,2,2,17,2,1,1,0,0, قائمة حركة نداء تونس:2   قائمة حزب حركة النهضة :  
7,9,3,139,1,95,44,208,5,59,64,44,108,0,0,41,0,3,44,0,False,"18,10","19,02",0,0,0,1,0,0,0,0,1,0,0,0,0,1,0,0,0,0,0,0,1,31,0,0,0,0,0,0,0,0,0,0,4,0,2,0,0,0, قائمة حزب حركة النهضة :   قائمة الوحدة الدستورية:   قائمة حركة نداء تونس:  
7,9,2,138,1,99,68,200,5,27,32,68,100,0,0,58,6,4,68,0,False,1800,,0,0,1,1,0,1,0,0,0,1,0,0,0,3,1,0,1,0,0,0,0,43,2,0,0,0,0,0,0,0,1,0,2,0,0,1,0,0, قائمة حزب حركة النهضة :2   قائمة حركة نداء تونس:2  
7,9,2,137,1,386,208,400,5,187,192,208,400,0,0,165,14,29,208,0,False,1800,2000,1,1,2,2,1,1,0,0,1,0,3,1,7,6,1,0,4,1,1,4,0,72,4,5,0,1,0,2,1,0,1,0,24,2,4,10,2,0, قائمة حركة نداء تونس:1  قائمة الحزب الاشتراكى:1   قائمة حزب حركة النهضة :1   قائمة تيار المحبة:1   قائمة الوحدة الدستورية:1  
7,9,2,136,1,151,84,200,0,116,116,84,200,0,0,80,4,0,84,0,False,1800,1905,1,0,0,0,0,0,2,0,1,0,1,0,2,3,4,0,3,0,0,1,2,39,1,0,0,0,0,0,0,0,0,0,16,0,3,0,1,0, قائمة حزب حركة النهضة :2   قائمة حركة نداء تونس:1  
7,9,1,135,1,427,335,500,0,165,165,335,500,0,0,278,53,4,335,0,False,1800,2100,1,1,4,4,1,2,1,1,1,0,2,0,4,10,1,2,0,0,1,9,0,176,4,3,0,0,0,2,2,2,1,2,23,1,3,11,3,0, قائمة الوحدة الدستورية:1   قائمة حركة نداء تونس:1   قائمة حركة الديمقراطيين الاشتراكيين:2   قائمة حزب حركة النهضة :1  
7,9,1,134,5,529,283,599,2,315,317,283,599,0,0,279,2,2,283,0,False,1800,2030,1,0,0,0,2,0,3,2,4,0,0,0,1,0,1,0,3,0,0,12,0,138,1,6,0,0,0,0,0,2,0,2,55,0,8,36,0,2, قائمة حركة نداء تونس:2   قائمة حزب حركة النهضة :1  قائمة الحزب الاشتراكى:1   قائمة حركة الديمقراطيين الاشتراكيين:1  
7,9,1,134,4,530,360,600,3,237,240,360,600,0,0,351,7,2,360,0,True,1830,2103,0,0,0,1,0,0,2,0,7,1,0,0,0,0,4,1,3,0,3,18,1,188,5,1,1,0,0,1,1,0,0,3,68,0,2,38,1,1,قائمة الحزب الاشتراكى:1   قائمة حركة نداء تونس:1   قائمة حزب حركة النهضة :1   قائمة الوحدة الدستورية:1   قائمة تيار المحبة:1  
7,9,1,134,3,530,431,600,66,103,169,431,600,0,0,416,8,7,431,0,False,1820,,3,0,4,0,2,0,5,3,1,1,2,2,3,3,3,1,7,0,2,11,0,214,3,4,0,0,0,3,1,2,1,2,80,0,10,35,1,7, قائمة حزب المبادرة:1  قائمة حزب المؤتمر من اجل الجمهورية:1  قائمة الحزب الاشتراكى:1   قائمة حزب حركة النهضة :1   قائمة حركة نداء تونس:1  
7,9,1,134,2,530,396,600,17,187,204,396,600,0,0,356,22,12,396,0,False,18.00,21.45,0,2,2,1,0,2,4,2,4,1,0,0,6,5,6,0,5,0,0,11,1,187,5,2,1,1,0,5,1,2,1,5,59,2,9,21,3,0,قائمة الحزب الاشتراكى:1   قائمة الوحدة الدستورية:1   قائمة حركة نداء تونس:1   قائمة حزب حركة النهضة :1  
7,9,1,134,1,530,415,600,1,185,1,414,415,185,1,351,27,35,413,0,False,1800,2040,1,1,3,4,0,2,3,3,3,1,1,1,1,7,5,1,5,0,2,10,0,190,4,6,0,1,1,3,0,3,0,1,52,0,9,20,2,5, قائمة حركة نداء تونس:1   قائمة حزب المبادرة:1  قائمة الحزب الاشتراكى:1  قائمة حزب المؤتمر من اجل الجمهورية:1   قائمة حزب حركة النهضة :1  
7,11,13,192,1,203,119,300,0,181,181,119,300,0,0,109,6,4,119,0,False,1835,1915,1,0,3,0,0,1,1,1,0,1,0,0,0,0,0,0,0,0,2,0,0,53,2,1,1,2,0,4,0,0,0,3,14,0,14,3,0,2, قائمة حزب حركة النهضة :1   قائمة حركة نداء تونس:2  
7,11,12,191,1,220,109,300,0,191,191,109,300,0,0,91,14,4,109,0,False,,1905,1,3,1,1,1,0,1,0,0,1,1,1,0,3,0,1,4,0,0,0,0,19,3,2,0,0,2,0,2,0,2,2,31,0,6,1,2,0, قائمة حزب حركة النهضة :1   قائمة حركة نداء تونس:1  
7,11,12,190,1,191,91,300,0,209,209,91,300,0,0,86,5,0,91,0,False,18:00,19:25,0,0,0,0,0,1,0,0,1,0,0,0,0,1,0,0,0,0,1,0,0,59,1,2,0,0,0,0,0,0,1,1,17,0,1,0,0,0, قائمة حزب حركة النهضة :   قائمة حركة نداء تونس:2  قائمة الجبهة الشعبية:  
7,11,11,189,2,305,83,400,0,317,317,83,400,0,0,69,14,0,83,0,False,1820,1927,0,0,0,1,0,0,1,0,0,1,0,0,0,2,0,0,1,0,1,0,0,31,1,4,0,0,0,1,1,0,1,4,11,1,3,4,0,0, قائمة حزب حركة النهضة :   قائمة حركة نداء تونس:2  
7,11,11,189,1,305,156,400,0,244,0,156,156,244,0,101,17,38,156,0,False,18:00,19:40,1,1,1,1,0,1,1,1,2,0,0,1,0,4,0,0,2,0,2,0,1,45,6,4,1,0,0,1,1,0,0,5,11,0,4,3,1,0, قائمة حركة نداء تونس:2   قائمة حزب حركة النهضة :  قائمة الجبهة الشعبية:  :  
7,11,11,188,1,445,192,500,0,308,308,192,500,0,0,175,14,3,192,0,False,18.24,20.52,2,2,1,4,1,1,5,0,0,3,1,0,1,2,0,0,2,0,0,0,1,96,7,4,1,2,4,0,1,2,2,2,11,2,6,5,2,2, قائمة حزب حركة النهضة :1   قائمة حركة نداء تونس:2  
7,11,10,187,1,228,128,300,1,172,173,127,300,0,0,108,5,14,127,0,True,18:16,19:43,1,3,1,1,0,1,0,2,1,1,0,0,0,1,0,0,1,0,0,0,1,64,5,0,0,0,0,1,1,1,1,0,5,1,12,1,2,0, قائمة حركة نداء تونس:  قائمة الجبهة الشعبية:   قائمة حزب حركة النهضة :  
7,11,10,186,1,368,203,400,1,197,198,203,400,0,0,172,14,17,203,0,False,18:10,20:34,1,0,1,0,1,1,3,1,2,0,3,1,4,4,0,0,0,1,1,0,2,94,2,2,1,0,0,0,2,0,1,1,32,0,6,1,3,1,قائمة الجبهة الشعبية:   قائمة حزب حركة النهضة :   قائمة حركة نداء تونس:  
7,11,9,185,1,231,113,300,0,187,187,113,300,0,0,92,13,8,113,0,False,1800,,1,0,1,0,0,1,1,0,0,0,2,1,0,1,2,1,1,0,0,0,0,31,1,8,1,0,1,1,1,0,0,0,14,0,15,6,0,1, قائمة حركة نداء تونس:2   قائمة حزب حركة النهضة :  
7,11,9,184,1,597,303,696,0,393,393,303,696,0,0,253,35,15,303,0,False,18.45,21.46,1,0,0,3,3,0,4,2,2,1,2,2,2,6,1,1,2,4,1,0,1,114,9,12,0,1,0,0,0,0,0,6,51,2,14,2,2,2,قائمة الجبهة الشعبية:1   قائمة حزب حركة النهضة :1   قائمة حركة نداء تونس:1  
7,11,9,183,2,335,157,400,0,43,43,157,200,200,0,151,2,4,157,0,False,18.57,20.41,0,0,0,0,1,0,3,1,0,1,7,0,1,1,5,0,0,4,1,0,1,90,2,11,0,0,0,0,0,0,0,0,17,0,4,0,0,1, قائمة حركة نداء تونس:1  قائمة الجبهة الشعبية:1   قائمة حزب حركة النهضة :1  قائمة الحزب الاشتراكى:1  
7,11,9,183,1,336,211,396,4,182,186,210,396,0,1,176,29,5,210,0,False,1857,2102,2,0,2,4,0,2,1,1,2,0,10,1,0,7,4,5,2,4,2,0,0,97,4,6,0,1,2,1,0,1,1,0,7,0,2,3,1,1, قائمة حركة نداء تونس:  قائمة الجبهة الشعبية:   قائمة الوحدة الدستورية:   قائمة حزب حركة النهضة :   قائمة حزب الاتحاد الوطنى الحر:  
7,11,8,182,2,431,287,500,1,213,214,286,500,0,1,267,11,8,286,0,False,1820,2000,0,1,3,2,1,1,0,0,2,2,2,0,1,1,0,0,0,0,0,0,0,145,1,22,0,1,3,1,0,1,1,3,58,0,7,3,1,4, قائمة حزب حركة النهضة :   قائمة حركة نداء تونس:2   قائمة حزب الاتحاد الوطنى الحر:  :  
7,11,8,182,1,432,353,500,1,147,148,352,500,0,1,300,48,4,352,0,False,1814,2103,1,1,5,4,0,4,2,2,3,3,1,1,3,8,2,0,2,1,0,3,2,154,5,9,1,0,1,1,3,0,4,2,51,5,6,1,3,6, قائمة حزب حركة النهضة :1   قائمة حركة نداء تونس:2   قائمة حزب الاتحاد الوطنى الحر:1  
7,11,7,181,1,251,163,300,6,131,137,163,300,0,0,129,25,9,163,0,False,1820,,0,1,2,3,1,0,3,2,2,2,0,2,2,8,1,0,1,0,0,1,1,74,4,4,0,1,2,0,1,0,0,0,5,0,1,1,2,2, قائمة حزب حركة النهضة :1  قائمة الجبهة الشعبية:1  
7,11,7,180,3,488,227,600,1,372,373,227,600,0,0,200,18,9,227,0,False,1830,2045,0,0,0,1,0,0,1,0,0,2,2,2,0,1,1,0,0,0,0,1,1,126,2,16,0,0,1,1,1,1,0,3,21,0,14,0,1,1, قائمة حزب حركة النهضة :1   قائمة حركة نداء تونس:1   قائمة حزب الاتحاد الوطنى الحر:1  
7,11,7,180,2,488,337,600,11,252,263,337,600,0,0,305,20,12,337,0,True,18:14,20:45,4,0,0,1,0,2,5,0,1,2,0,1,2,3,2,0,3,0,0,1,3,180,6,19,0,0,2,3,2,0,0,5,45,0,5,3,0,5, قائمة حزب حركة النهضة :2   قائمة حركة نداء تونس:2  
7,11,7,180,1,488,351,600,20,230,250,349,599,1,2,268,34,47,349,0,True,18:17,21:15,2,0,1,3,1,1,1,0,7,4,5,1,3,6,0,3,4,0,1,2,3,140,7,14,1,2,4,2,0,0,0,6,23,2,8,6,4,1,قائمة الجبهة الشعبية:1   قائمة حركة نداء تونس:2   قائمة حزب حركة النهضة :1   قائمة حزب الاتحاد الوطنى الحر:1  
7,11,6,179,1,92,36,200,0,164,164,36,200,0,0,32,3,1,36,0,True,18:07,18:46,0,2,0,1,0,0,3,0,0,0,2,0,0,0,0,0,0,0,0,0,0,9,1,3,1,0,1,2,0,0,0,2,1,0,2,1,1,0, قائمة حزب حركة النهضة :1   قائمة حركة نداء تونس:1  
7,11,5,178,1,348,204,400,2,196,196,204,400,0,0,187,14,3,204,0,False,1805,1953,0,1,2,1,0,2,1,1,2,1,0,0,1,6,0,4,1,0,0,0,0,110,4,6,2,0,2,2,1,1,0,0,16,0,8,3,2,7, قائمة حزب حركة النهضة :1   قائمة حركة نداء تونس:1  
7,11,4,176,1,486,267,608,4,337,341,267,608,8,0,207,50,10,267,0,False,1830,1941,4,1,6,3,3,3,4,2,1,1,6,3,7,3,0,1,13,3,0,3,4,38,10,22,0,1,5,3,1,0,2,1,23,3,17,3,4,1,قائمة الجبهة الشعبية:2   قائمة حركة نداء تونس:1   قائمة حزب حركة النهضة :1  
7,11,4,175,2,308,149,400,0,251,251,149,400,0,0,142,2,5,149,0,True,1830,2017,0,0,0,0,1,0,1,1,0,0,0,0,0,1,0,1,2,0,0,0,1,62,0,12,0,0,25,0,0,0,0,1,16,0,18,0,0,0, قائمة حزب حركة النهضة :2   قائمة الوحدة الدستورية:1   قائمة حركة نداء تونس:1  
7,11,4,175,1,309,188,400,0,212,212,188,400,0,0,157,17,14,188,0,False,1815,2000,4,0,1,1,0,3,0,0,0,0,2,0,3,5,1,3,0,1,2,0,3,66,2,7,2,0,12,5,0,1,0,1,12,1,14,2,2,1, قائمة حزب حركة النهضة :1   قائمة حركة نداء تونس:2  قائمة الجبهة الشعبية:1  
7,11,3,173,2,388,146,500,0,354,354,146,500,0,0,137,9,0,146,0,False,1815,2027,0,0,0,0,0,0,1,0,2,0,3,0,1,1,2,0,0,0,0,0,0,76,3,4,0,1,0,0,1,0,4,10,20,1,3,0,0,4, قائمة حركة نداء تونس:1   قائمة حزب حركة النهضة :1  قائمة الجبهة الشعبية:1  
7,11,3,173,1,389,255,500,15,234,249,253,502,2,2,209,33,11,253,0,False,1829,2100,1,1,1,2,0,3,8,0,0,0,1,1,1,5,2,3,2,1,0,1,1,120,5,4,2,1,0,2,1,2,2,10,17,1,4,2,1,1,قائمة الجبهة الشعبية:1   قائمة حركة نداء تونس:1   قائمة حزب حركة النهضة :1  
7,11,2,172,1,103,59,200,2,139,141,59,200,0,0,52,7,0,59,0,False,1815,1850,0,3,0,2,0,0,1,0,0,0,2,0,0,2,1,0,2,0,0,0,0,26,3,1,0,2,0,0,0,0,1,0,3,0,1,1,0,1, قائمة حزب حركة النهضة :1  قائمة الجبهة الشعبية:1   قائمة حركة نداء تونس:1  
7,11,2,171,1,92,57,200,0,143,143,57,200,0,0,56,0,1,57,0,False,1818,1859,1,0,0,0,1,0,0,0,0,0,0,0,0,2,1,0,0,1,0,2,0,28,4,2,0,0,1,0,0,1,0,0,9,1,1,0,0,1, قائمة حركة نداء تونس:1   قائمة الوحدة الدستورية:1  
7,11,1,170,3,417,247,500,1,252,253,247,500,0,0,236,6,5,247,0,False,1800,2000,2,1,0,1,0,0,1,0,4,0,0,1,1,0,2,0,1,0,1,0,0,106,1,26,1,0,1,3,0,3,2,3,54,0,16,2,0,3, قائمة حركة نداء تونس:1   قائمة حزب حركة النهضة :1   قائمة حزب الاتحاد الوطنى الحر:1  قائمة الجبهة الشعبية:1  
7,11,1,170,2,417,329,499,10,160,170,329,499,0,0,313,13,3,329,0,False,18.50,21.00,3,0,2,1,0,5,3,0,6,0,2,1,0,5,0,0,1,1,4,1,3,139,3,20,0,2,1,4,2,3,1,0,73,0,21,1,3,2,قائمة الجبهة الشعبية:1   قائمة حركة نداء تونس:1   قائمة حزب حركة النهضة :1   قائمة حزب الاتحاد الوطنى الحر:1  
7,11,1,170,1,417,324,500,3,173,176,324,500,0,0,277,43,4,324,0,False,18.30,20.35,3,1,2,1,0,2,0,3,4,1,2,0,0,9,4,2,0,1,1,2,1,126,4,17,0,1,2,3,1,4,2,5,49,2,16,1,2,3,قائمة الجبهة الشعبية:1   قائمة حركة نداء تونس:1   قائمة حزب حركة النهضة :1  
7,11,1,169,3,410,280,500,0,220,220,280,500,0,0,272,7,1,280,0,False,18.00,20.26,3,0,0,1,0,1,0,0,1,0,0,0,2,0,7,0,0,3,0,0,1,123,2,16,0,0,1,6,0,10,0,2,50,2,35,3,1,2,قائمة الجبهة الشعبية:1   قائمة حركة نداء تونس:1   قائمة حزب حركة النهضة :1   قائمة الوحدة الدستورية:1   قائمة حزب الاتحاد الوطنى الحر:1  
7,11,1,169,1,411,333,500,3,166,169,331,500,0,2,274,19,38,331,0,False,"18,15","20,47",0,0,1,2,3,1,7,0,0,2,1,0,1,6,9,4,0,2,0,2,2,138,4,6,2,1,0,6,2,5,2,3,34,0,20,2,3,3, قائمة الوحدة الدستورية:   قائمة حركة نداء تونس:   قائمة حزب حركة النهضة :  قائمة الجبهة الشعبية:  
7,7,3,108,4,550,368,608,5,235,240,368,608,0,0,364,3,1,368,0,False,18h05,,4,0,0,1,0,0,6,0,0,0,3,3,0,0,2,0,4,5,1,0,4,189,0,33,1,0,0,5,0,12,1,0,42,0,37,1,0,10, قائمة تيار المحبة:1   قائمة حزب حركة النهضة :1  قائمة الجبهة الشعبية:1   قائمة الوحدة الدستورية:1  قائمة حزب المؤتمر من اجل الجمهورية:1  
7,7,3,108,3,551,378,600,7,215,222,377,600,1,1,367,7,3,377,0,False,1800,,3,1,0,2,2,1,5,1,0,1,3,2,5,0,5,1,2,4,0,0,3,174,3,26,0,0,1,1,1,10,1,4,72,0,25,1,2,5, قائمة حزب حركة النهضة :1   قائمة حركة نداء تونس:1   قائمة الوحدة الدستورية:1  
7,7,3,108,2,551,466,600,0,135,135,466,600,0,0,445,8,13,466,0,False,18h,23h05,5,1,0,4,3,5,5,1,0,0,1,0,0,4,6,1,4,7,0,1,7,209,0,6,1,0,4,2,1,5,2,4,93,1,56,0,1,5, قائمة حزب حركة النهضة :1   قائمة حركة نداء تونس:1  قائمة الجبهة الشعبية:1   قائمة حزب الاتحاد الوطنى الحر:1  
7,7,3,108,1,551,446,600,0,154,154,446,600,0,0,415,28,3,446,0,True,1900,2100,3,2,0,4,1,4,6,2,2,1,2,1,0,10,10,3,3,4,0,3,2,224,1,12,2,2,2,1,0,6,1,0,62,2,29,1,2,5, قائمة حزب حركة النهضة :1  قائمة الحزب الاشتراكى:1   قائمة حركة نداء تونس:1  قائمة حزب المؤتمر من اجل الجمهورية:1  
7,7,3,107,4,533,345,600,1,254,255,345,600,0,0,337,4,4,345,0,False,18h,21h19,6,2,0,2,0,0,1,0,0,1,0,0,0,1,0,0,0,1,1,0,1,179,0,38,0,0,0,0,0,5,0,1,39,2,46,1,3,7, قائمة حزب حركة النهضة :1   قائمة حركة نداء تونس:1  قائمة الجبهة الشعبية:1   قائمة حزب الاتحاد الوطنى الحر:1  
7,7,3,107,3,533,407,600,1,191,192,407,599,1,0,393,7,7,407,0,False,18h20,21h16,3,1,0,1,1,0,3,0,3,3,1,1,4,1,0,0,2,0,2,1,2,222,3,20,1,0,2,2,0,5,2,4,59,2,33,0,5,4, قائمة حزب حركة النهضة :2   قائمة حركة نداء تونس:1  قائمة الجبهة الشعبية:1   قائمة حزب التحالف الديمقراطى:1  
7,7,3,107,2,533,439,600,10,151,161,439,600,0,0,409,18,12,439,0,False,18h20,,5,2,0,2,2,1,10,1,1,1,0,0,5,3,4,0,0,2,1,1,7,223,4,16,1,1,1,1,2,3,0,4,61,1,32,1,3,7, قائمة حزب حركة النهضة :1   قائمة حركة نداء تونس:1  
7,7,3,107,1,533,415,599,2,183,185,414,599,0,1,359,30,25,414,0,False,18h,21h40,3,0,1,0,1,4,6,2,4,2,5,0,3,16,1,1,2,0,3,1,5,216,6,15,1,1,0,1,0,3,2,0,29,1,17,1,3,3, قائمة حزب حركة النهضة :1   قائمة حركة نداء تونس:1  قائمة الجبهة الشعبية:1  
7,7,3,106,5,514,312,600,0,288,288,312,600,0,0,310,2,0,312,0,True,18h,19h41,6,0,0,0,0,0,3,0,0,1,1,3,1,1,7,0,0,0,0,0,1,166,0,27,2,0,0,2,2,2,1,1,45,0,36,0,1,1, قائمة حزب حركة النهضة :1   قائمة حركة نداء تونس:1   قائمة حزب الاتحاد الوطنى الحر:1  
7,7,3,106,4,514,371,600,0,230,230,370,600,0,1,360,4,6,370,0,False,1840,2058,10,1,0,2,1,1,5,1,0,0,1,4,0,2,1,0,2,0,1,0,2,209,0,13,1,0,3,3,0,9,1,0,45,0,37,0,2,3, قائمة حركة نداء تونس:1  قائمة الجبهة الشعبية:1   قائمة حزب حركة النهضة :1   قائمة حزب الاتحاد الوطنى الحر:1  
7,7,3,106,3,514,403,600,2,196,198,402,600,0,1,390,5,7,402,0,True,18.26,20.41,3,0,1,0,1,1,4,0,1,0,1,5,3,4,5,0,2,0,0,1,4,219,3,18,0,1,0,1,1,3,0,3,68,1,33,1,1,1,قائمة الجبهة الشعبية:1   قائمة حركة نداء تونس:1   قائمة حزب حركة النهضة :1   قائمة حزب الاتحاد الوطنى الحر:1  
7,7,3,106,2,514,391,598,13,194,207,391,598,0,0,347,9,35,391,0,True,1830,2115,9,0,1,1,1,3,3,1,3,1,1,3,3,8,4,2,5,0,1,1,6,184,5,13,0,2,0,0,2,3,0,2,47,0,27,3,1,1, قائمة حركة نداء تونس:1  قائمة الجبهة الشعبية:1   قائمة حزب حركة النهضة :1  
7,7,3,106,1,514,430,599,5,164,169,430,599,0,0,370,39,21,430,0,False,1800,2045,3,0,0,3,1,0,3,1,4,2,5,5,1,13,8,3,2,0,1,1,3,209,7,17,1,0,1,1,2,2,0,0,43,2,16,4,5,1, قائمة حزب حركة النهضة :1  قائمة الجبهة الشعبية:1   قائمة حزب الاتحاد الوطنى الحر:1   قائمة حركة نداء تونس:1  
7,7,3,105,4,525,358,600,0,242,242,358,600,0,0,353,3,2,358,0,False,18.30,21.00,3,0,0,0,0,0,6,0,0,2,1,0,2,0,6,0,0,0,0,0,1,187,3,28,3,0,2,1,0,7,0,3,55,0,36,0,0,7,قائمة الجبهة الشعبية:1   قائمة حركة نداء تونس:1   قائمة حزب حركة النهضة :1  
7,7,3,105,3,528,402,600,6,193,199,401,600,0,1,397,2,2,401,0,False,18.30,21.51,11,1,0,1,5,3,6,1,0,4,2,1,0,1,6,0,0,0,1,2,4,193,2,12,4,0,1,3,0,11,0,3,85,1,25,0,1,7,قائمة الجبهة الشعبية:1   قائمة حركة نداء تونس:1   قائمة حزب حركة النهضة :1   قائمة حزب الاتحاد الوطنى الحر:1  
7,7,3,105,2,528,440,600,1,159,160,440,600,0,0,425,7,8,440,0,False,18.00,21.30,6,1,0,3,3,3,3,0,0,0,4,3,0,4,5,1,0,0,1,0,8,204,5,10,3,0,2,5,2,3,0,3,105,3,28,1,0,6, قائمة حزب حركة النهضة :1   قائمة حركة نداء تونس:1  قائمة الجبهة الشعبية:1   قائمة الوحدة الدستورية:1  
7,7,3,105,1,528,442,600,2,156,158,442,600,0,0,429,7,6,442,0,False,1850,2114,6,2,1,1,1,3,5,0,1,0,0,2,3,3,9,3,1,1,0,1,1,249,1,5,0,1,3,2,0,4,2,4,76,2,28,3,1,4,قائمة الجبهة الشعبية:1   قائمة حركة نداء تونس:1   قائمة حزب حركة النهضة :1  
7,7,3,104,6,567,345,600,0,255,255,345,600,0,0,340,2,3,345,0,False,1840,2005,7,0,1,1,0,0,3,0,0,1,1,0,1,0,2,1,3,1,1,0,1,185,1,21,1,0,2,1,1,4,1,8,47,1,36,1,0,7, قائمة حركة نداء تونس:1   قائمة حزب حركة النهضة :1   قائمة حزب الاتحاد الوطنى الحر:1   قائمة حزب التحالف الديمقراطى:1  
7,7,3,104,5,566,366,600,0,234,234,366,600,0,0,359,4,3,366,0,False,0600,2048,5,0,0,2,1,1,3,0,2,1,0,1,0,2,7,2,1,0,1,1,2,199,2,27,0,0,0,4,0,3,0,1,62,1,20,0,0,8, قائمة حزب حركة النهضة :1   قائمة حركة نداء تونس:1   قائمة الوحدة الدستورية:1  
7,7,3,104,4,566,388,600,8,205,213,387,600,0,1,372,2,13,387,0,False,1920,,9,0,0,3,0,4,2,0,1,1,3,3,4,2,4,0,2,0,0,0,2,177,1,10,0,0,6,1,2,8,0,11,76,3,27,3,1,6, قائمة حزب حركة النهضة :1   قائمة حركة نداء تونس:1  
7,7,3,104,3,566,463,600,7,130,137,463,600,0,0,455,5,3,463,0,False,1830,,6,0,1,2,1,0,4,0,2,1,2,4,1,3,1,1,2,0,0,0,2,223,5,22,0,1,1,2,1,0,0,4,125,1,32,2,2,1, قائمة حزب حركة النهضة :1  
7,7,3,104,2,566,439,600,0,161,161,439,600,0,0,369,62,8,439,0,False,18h45,22h,4,0,1,3,2,2,6,1,3,0,4,1,1,7,4,5,2,1,1,0,5,187,4,16,1,2,1,3,2,0,1,5,62,1,17,4,3,7, قائمة حزب حركة النهضة :1   قائمة حركة نداء تونس:1   قائمة حزب الاتحاد الوطنى الحر:1   قائمة الوحدة الدستورية:1  
7,7,3,104,1,566,448,599,4,147,151,448,599,0,0,399,17,32,448,0,False,18h30,20h37,3,2,1,4,4,4,4,2,2,0,1,1,2,12,4,4,2,1,0,2,5,200,6,12,4,1,0,3,0,4,1,7,67,4,21,4,2,3, قائمة حزب حركة النهضة :1   قائمة حركة نداء تونس:1  قائمة الجبهة الشعبية:1  
7,7,2,103,2,599,352,700,0,344,344,352,696,4,0,323,9,20,352,0,False,1800,2050,3,0,1,2,0,1,1,0,1,0,1,1,0,0,0,1,6,0,3,0,2,222,1,18,0,0,1,1,0,1,0,3,30,2,19,0,0,1,قائمة الجبهة الشعبية:1   قائمة حزب حركة النهضة :1   قائمة حركة نداء تونس:1   قائمة الوحدة الدستورية:1  
7,7,2,102,1,207,133,300,0,167,167,133,300,0,0,119,6,8,133,0,True,18h,19h10,0,0,1,1,0,1,1,0,0,0,0,0,2,1,0,0,9,0,0,1,1,59,1,1,0,0,0,0,0,0,0,0,27,0,4,4,2,3, قائمة حزب حركة النهضة :1   قائمة حركة نداء تونس:2  قائمة الجبهة الشعبية:1   قائمة حزب الاتحاد الوطنى الحر:1  
7,7,2,101,1,40,24,100,0,76,76,24,100,0,0,21,0,3,24,0,False,18h,18h50,0,1,1,2,0,0,0,0,0,0,0,0,0,1,0,0,1,1,0,0,0,12,0,2,0,0,0,0,0,0,0,0,0,0,0,0,0,0, قائمة حزب حركة النهضة :1   قائمة حركة نداء تونس:2   قائمة حزب الاتحاد الوطنى الحر:1  
7,7,2,100,1,442,277,500,0,223,223,277,500,0,0,246,19,12,277,0,False,18h23,20h10,0,2,1,1,0,0,2,0,0,1,2,0,2,8,3,1,0,0,2,0,2,154,7,11,0,0,2,0,0,0,2,1,33,0,7,2,0,0, قائمة حزب حركة النهضة :2   قائمة حركة نداء تونس:1  قائمة الجبهة الشعبية:1  
7,7,2,99,1,388,279,500,0,221,221,279,500,0,0,248,27,4,279,0,False,18.30,22.25,5,1,3,0,0,2,1,1,0,1,1,1,2,3,2,9,1,0,0,2,0,136,3,6,2,0,0,2,0,4,2,1,36,1,13,1,3,3, قائمة حركة نداء تونس:3   قائمة حزب حركة النهضة :2   قائمة حزب الاتحاد الوطنى الحر:1  قائمة الجبهة الشعبية:1   قائمة بناء تونس بالبيئة و استغلال مواردها:1  
7,7,1,98,3,560,375,600,3,223,226,374,600,0,1,366,2,6,374,0,True,1830,2152,1,1,0,2,2,0,2,0,0,0,1,0,1,0,4,0,0,0,0,0,3,229,1,20,0,0,0,2,0,4,1,1,49,2,35,1,0,3, قائمة حزب التحالف الديمقراطى:1  قائمة الجبهة الشعبية:1   قائمة حزب حركة النهضة :1  
7,7,1,98,2,562,450,599,0,149,149,450,599,0,0,423,7,20,450,0,True,18h30,20h40,6,0,0,3,2,0,2,0,1,0,0,2,1,4,0,0,2,0,0,0,5,246,8,8,2,1,3,2,1,3,0,2,90,0,25,1,1,2, قائمة حزب حركة النهضة :1   قائمة حركة نداء تونس:1   قائمة حزب الاتحاد الوطنى الحر:1  
7,7,1,98,1,562,477,600,1,122,123,477,600,0,0,435,29,13,477,0,True,1815,2122,1,1,1,3,0,0,2,3,3,2,1,0,2,11,2,1,1,1,2,2,5,257,4,14,1,1,3,5,2,5,1,1,65,0,26,2,2,2, قائمة حزب حركة النهضة :1   قائمة حركة نداء تونس:1  قائمة الجبهة الشعبية:1   قائمة حزب الاتحاد الوطنى الحر:1  
7,6,7,97,2,510,318,600,0,282,282,318,600,0,0,306,5,7,318,0,False,18.50,21.23,3,0,0,0,0,1,6,0,3,2,2,1,0,1,3,0,1,0,0,0,1,178,0,17,1,0,1,2,1,2,0,1,30,4,30,1,1,12, قائمة حزب الاتحاد الوطنى الحر:1   قائمة حركة نداء تونس:1  قائمة الجبهة الشعبية:1   قائمة حزب حركة النهضة :1  
7,6,7,97,1,511,390,600,0,210,210,390,600,0,0,366,22,2,390,0,False,18.25,20.17,1,1,0,4,1,0,5,2,1,1,0,2,3,6,0,1,3,2,0,0,5,195,4,18,1,2,2,3,1,2,0,5,55,5,27,0,4,4, قائمة حزب حركة النهضة :1   قائمة حركة نداء تونس:1  قائمة الجبهة الشعبية:1  
7,6,7,96,7,566,395,596,1,201,202,394,596,0,1,390,1,3,394,0,False,1825,2140,6,0,0,1,2,3,1,0,0,1,0,2,1,0,6,1,0,2,2,0,4,190,0,53,0,1,1,1,1,8,0,1,48,1,46,3,0,4, قائمة حزب حركة النهضة :1   قائمة حزب الاتحاد الوطنى الحر:1  قائمة الجبهة الشعبية:1   قائمة حركة نداء تونس:1   قائمة حزب التحالف الديمقراطى:1  
7,6,7,96,5,568,438,600,0,162,162,438,600,0,0,434,1,3,438,0,False,19,"20,30",12,1,0,1,0,3,7,0,0,1,3,0,0,1,6,0,0,2,0,0,10,209,2,17,2,0,0,5,0,14,0,1,80,2,47,0,0,8, قائمة حركة نداء تونس:   قائمة حزب حركة النهضة :   قائمة حزب الاتحاد الوطنى الحر:  
7,6,7,96,4,568,478,600,2,120,122,478,600,0,0,473,5,0,478,0,False,"18,05","22,01",2,1,0,3,3,2,2,1,2,0,1,1,2,3,6,1,0,1,1,0,10,219,1,18,1,0,1,3,1,9,0,3,109,0,59,0,2,5, قائمة حركة نداء تونس:   قائمة حزب الاتحاد الوطنى الحر:   قائمة حركة التونسى:   قائمة حزب حركة النهضة :  
7,6,7,96,3,568,493,600,1,106,107,493,600,0,0,484,4,5,493,1,False,18,"20,45",4,1,0,0,4,1,9,0,0,0,2,1,1,2,9,1,0,0,0,1,6,262,1,9,0,1,1,3,0,5,1,2,87,4,57,2,0,7, قائمة حركة نداء تونس:  قائمة الجبهة الشعبية:   قائمة حزب الاتحاد الوطنى الحر:   قائمة حزب حركة النهضة :  قائمة الحزب الاشتراكى:  
7,6,7,96,2,568,463,600,0,137,137,463,600,0,0,437,21,5,463,0,False,"18,48",,2,1,0,0,3,5,2,0,2,0,0,1,9,2,12,2,1,2,0,2,4,245,5,11,1,1,2,3,1,2,0,4,72,2,28,4,2,4, قائمة حركة نداء تونس:  قائمة الجبهة الشعبية:   قائمة حزب حركة النهضة :  
7,6,7,96,1,568,489,600,2,110,112,488,600,0,1,465,7,16,488,0,False,"18,40","21,39",3,0,1,1,2,5,1,0,1,0,2,1,1,3,13,4,2,2,0,1,8,260,2,14,1,0,1,0,2,3,0,3,80,1,42,2,2,1, قائمة حركة نداء تونس:   قائمة حزب الاتحاد الوطنى الحر:   قائمة حزب حركة النهضة :  
7,6,6,95,1,209,143,296,4,149,153,143,296,0,0,134,3,6,143,0,False,"18,15",,1,0,1,1,1,1,1,3,0,1,1,3,2,0,0,1,0,0,1,0,2,69,3,2,1,0,0,0,3,1,1,2,20,1,7,2,1,1, قائمة حزب حركة النهضة :   قائمة حركة نداء تونس:2  
7,6,6,94,2,398,250,500,1,249,250,250,500,0,0,234,5,11,250,0,False,"18,20","20,30",0,1,1,2,0,0,5,1,0,0,0,1,0,0,1,0,1,1,0,1,1,155,4,6,1,0,0,1,0,2,0,0,7,0,4,1,1,36, قائمة حزب حركة النهضة :   قائمة حركة نداء تونس:2  قائمة حزب المؤتمر من اجل الجمهورية:  
7,6,6,94,1,399,302,500,0,198,198,302,500,0,0,260,35,7,302,0,False,"18,20","20,10",1,2,1,1,0,4,3,2,3,0,2,0,2,9,1,6,4,0,2,1,0,128,7,0,0,0,1,1,0,1,2,2,20,1,8,5,2,41, قائمة حركة نداء تونس:   قائمة حزب حركة النهضة :  قائمة الجبهة الشعبية:  
7,6,6,93,1,405,203,500,0,297,297,203,500,0,0,158,40,5,203,0,False,"18,30","20,50",1,3,2,3,0,1,2,0,1,1,1,1,2,4,2,0,1,0,0,0,2,81,1,1,0,0,2,2,1,2,2,0,28,0,10,0,0,1, قائمة حزب حركة النهضة :  قائمة الجبهة الشعبية:   قائمة حركة نداء تونس:2  قائمة حزب المؤتمر من اجل الجمهورية:  
7,6,6,92,2,351,212,400,1,187,188,212,400,0,0,201,7,4,212,0,False,"18,28","21,02",2,1,1,2,2,0,0,1,3,0,0,1,2,2,3,1,1,40,0,0,0,98,1,8,0,0,1,0,1,0,0,1,14,0,15,0,0,0,قائمة الجبهة الشعبية:   قائمة الوحدة الدستورية:   قائمة حركة نداء تونس:   قائمة حزب حركة النهضة :  
7,6,6,92,1,352,265,400,1,134,135,265,400,0,0,233,26,6,265,0,False,"18,20","20,13",2,1,1,0,3,1,3,0,3,2,0,1,3,10,6,2,2,52,0,0,1,95,3,3,0,1,0,1,1,0,0,1,22,1,8,0,3,1, قائمة حركة نداء تونس:2  قائمة الجبهة الشعبية:   قائمة حزب حركة النهضة :  
7,6,5,91,1,30,16,100,0,84,84,16,100,0,0,14,1,1,16,0,False,1800,1820,0,0,0,0,0,0,0,0,0,0,0,0,0,0,0,0,1,0,1,0,0,5,1,1,0,0,0,0,0,0,0,0,2,1,0,0,2,0, قائمة حزب الاتحاد الوطنى الحر:1   قائمة حزب حركة النهضة :1  
7,6,5,90,1,351,255,400,3,142,145,255,400,0,0,235,10,10,255,0,False,1815,2035,3,1,2,0,1,0,2,1,0,1,4,3,2,5,7,3,0,8,0,1,0,95,2,15,0,1,0,0,0,0,0,2,55,0,9,2,1,9, قائمة حزب حركة النهضة :1   قائمة حركة نداء تونس:1   قائمة الوحدة الدستورية:1  
7,6,5,89,1,208,141,300,0,159,159,141,300,0,0,132,7,2,141,0,False,1820,1929,0,0,1,1,3,0,0,0,17,0,0,0,2,1,0,0,0,0,0,1,1,58,1,3,0,0,0,0,1,0,1,12,20,1,6,1,1,0, قائمة حزب حركة النهضة :1   قائمة حركة نداء تونس:1  
7,6,5,88,1,333,195,400,0,205,205,195,400,0,0,178,9,8,195,0,False,1809,,0,0,1,0,0,2,1,0,1,0,0,0,0,3,0,2,0,0,1,0,1,108,1,3,0,0,0,1,3,0,0,2,41,0,3,0,2,2, قائمة حركة نداء تونس:1   قائمة حزب حركة النهضة :1  
7,6,5,87,1,237,148,300,1,151,152,148,300,0,0,132,8,8,148,0,True,1820,1925,0,0,0,1,0,2,2,0,0,1,0,0,0,0,0,0,3,0,0,1,0,71,0,3,0,0,0,0,1,0,0,2,40,0,4,0,1,0, قائمة حزب حركة النهضة :2  قائمة الجبهة الشعبية:1   قائمة حركة نداء تونس:2  
7,6,4,86,1,245,169,300,0,131,131,169,300,0,0,152,6,11,169,0,False,1837,2002,2,1,1,2,4,1,6,0,3,0,1,0,1,1,1,1,2,0,1,0,3,58,4,22,2,1,3,0,3,0,1,3,14,2,6,1,0,1,قائمة الجبهة الشعبية:1   قائمة حركة نداء تونس:1   قائمة حزب حركة النهضة :2  
7,6,4,85,1,576,372,600,4,224,228,372,600,0,0,329,24,19,372,0,False,1900,2223,6,2,1,1,0,0,4,2,5,2,3,4,8,10,6,1,7,2,0,1,2,180,3,5,2,1,1,4,2,3,0,1,29,1,17,3,3,7, قائمة الوحدة الدستورية:1   قائمة حزب حركة النهضة :1   قائمة حركة نداء تونس:1  قائمة الجبهة الشعبية:1  
7,6,4,84,1,226,142,300,0,158,158,142,300,0,0,127,13,2,142,0,False,1927,2130,1,0,0,1,0,0,1,1,1,0,2,1,1,4,1,1,0,2,0,2,0,79,1,3,0,1,0,1,1,0,0,1,13,0,6,1,1,0, قائمة حركة نداء تونس:1   قائمة حزب حركة النهضة :1  
7,6,4,83,2,373,229,400,9,162,171,229,400,0,0,218,4,7,229,0,True,1800,2030,0,0,2,1,0,6,1,0,0,0,31,0,1,0,6,1,0,2,1,0,4,127,3,5,0,1,0,0,0,2,0,0,17,1,32,1,2,2, قائمة حركة نداء تونس:2   قائمة حزب حركة النهضة :1  
7,6,4,83,1,373,274,400,1,125,126,274,400,0,0,222,13,39,274,0,False,18:15,20:15,0,1,2,2,1,4,0,3,2,0,1,0,3,10,4,1,1,0,1,2,3,136,3,3,0,1,1,0,0,1,0,1,11,4,13,1,1,4, قائمة حزب حركة النهضة :2   قائمة حركة نداء تونس:2  
7,6,4,82,1,318,213,400,13,174,187,213,400,0,0,199,10,4,213,0,False,1914,2015,0,0,2,1,6,2,2,1,0,0,2,0,1,3,1,2,3,0,1,1,1,122,2,4,0,1,1,0,0,2,0,0,23,1,11,1,1,1, قائمة حركة نداء تونس:2  قائمة الجبهة الشعبية:1   قائمة حزب حركة النهضة :1  
7,6,3,81,3,441,249,500,28,251,251,249,500,0,0,244,1,4,249,0,False,1845,2100,3,1,0,0,0,1,1,0,0,0,1,2,1,0,1,0,0,0,0,0,1,167,0,14,0,0,2,0,0,1,0,0,33,0,13,0,0,2, قائمة حزب حركة النهضة :1   قائمة حركة نداء تونس:1  قائمة الجبهة الشعبية:1   قائمة الوحدة الدستورية:1  
7,6,3,81,2,442,317,500,3,180,183,317,500,0,0,305,7,5,317,0,False,1845,2115,4,0,0,3,0,3,4,0,2,0,0,0,2,5,4,4,3,0,0,2,2,201,3,1,1,1,2,1,0,2,0,1,37,0,11,2,0,4, قائمة حزب حركة النهضة :1  قائمة الجبهة الشعبية:1   قائمة حركة نداء تونس:1   قائمة حزب الاتحاد الوطنى الحر:1  قائمة حزب المؤتمر من اجل الجمهورية:1  
7,6,3,81,1,442,323,500,8,169,177,323,500,0,0,283,31,9,323,0,True,18h15,20h50,1,0,3,5,0,3,1,3,4,1,2,1,6,7,5,2,1,1,1,0,0,146,4,11,0,3,1,3,0,1,3,2,35,1,8,7,1,10, قائمة حزب حركة النهضة :1   قائمة حركة نداء تونس:1  قائمة الجبهة الشعبية:1  
7,6,3,80,5,551,356,600,44,200,244,356,600,0,0,351,4,1,356,0,False,19h07,20h55,5,0,1,6,0,1,3,0,0,0,0,1,0,3,6,0,0,0,0,2,0,208,0,18,0,0,2,1,0,2,1,2,27,3,50,6,1,2, قائمة حزب حركة النهضة :1   قائمة حركة نداء تونس:1  قائمة الجبهة الشعبية:1  
7,6,3,80,4,550,364,600,1,235,236,364,600,0,0,357,5,2,364,0,False,18:30,20:30,2,1,0,3,1,2,3,0,0,2,1,0,1,3,5,0,0,0,2,1,0,228,1,14,1,0,1,1,0,4,0,0,39,1,29,6,3,2, قائمة حزب حركة النهضة :1   قائمة حركة نداء تونس:1  قائمة الحزب الاشتراكى:1   قائمة حزب الاتحاد الوطنى الحر:1  
7,6,3,80,3,550,418,600,1,181,182,418,600,0,0,413,5,0,418,0,False,18:30,21:16,0,0,1,2,4,1,1,0,0,1,0,2,1,1,3,0,1,1,1,1,0,227,3,13,2,0,0,3,0,6,0,3,78,3,39,4,2,8, قائمة حزب حركة النهضة :1  قائمة الحزب الاشتراكى:1   قائمة حزب الاتحاد الوطنى الحر:1  
7,6,3,80,2,550,432,600,3,165,168,432,600,0,0,399,24,9,432,0,False,18:10,22:00,2,0,1,2,2,2,5,0,2,4,4,2,2,6,8,1,0,0,1,1,3,236,0,9,0,1,2,0,0,3,2,8,54,3,29,2,4,6, قائمة حركة نداء تونس:1   قائمة حزب حركة النهضة :1  قائمة الجبهة الشعبية:1   قائمة حزب الاتحاد الوطنى الحر:1  
7,6,3,80,1,550,440,600,5,160,165,435,600,0,0,405,17,13,435,0,False,18.19,21.25,3,1,2,2,2,3,3,0,2,2,1,0,2,9,7,3,3,2,1,1,6,238,7,6,0,0,1,0,0,1,2,0,38,2,44,6,3,1, قائمة حزب حركة النهضة :2  قائمة الجبهة الشعبية:1   قائمة الوحدة الدستورية:1   قائمة حركة نداء تونس:1  
7,6,2,79,4,578,348,600,13,239,252,348,600,0,0,341,5,2,348,0,False,1820,2040,4,0,0,0,1,2,1,0,0,0,2,5,1,4,3,0,0,1,0,1,1,186,1,36,5,2,2,2,1,2,0,4,48,1,17,0,2,6, قائمة الوحدة الدستورية:1   قائمة حزب الاتحاد الوطنى الحر:1   قائمة حزب حركة النهضة :1   قائمة حركة نداء تونس:1  
7,6,2,79,3,579,440,600,6,154,160,440,600,0,0,415,9,16,440,0,False,18.00,22.23,4,1,0,1,1,0,2,0,1,0,0,5,1,7,2,2,0,0,0,3,1,230,4,14,10,0,0,1,1,3,1,5,89,0,19,2,0,5, قائمة حزب حركة النهضة :1  
7,6,2,79,2,579,437,600,5,157,162,437,599,1,0,380,36,21,437,0,False,1800,2020,5,0,0,0,0,1,2,0,3,0,3,4,0,8,3,1,1,1,0,0,5,232,4,15,1,0,0,0,1,0,3,8,59,2,9,3,1,5, قائمة حركة نداء تونس:1   قائمة حزب حركة النهضة :1  
7,6,2,79,1,579,444,700,18,240,258,442,700,0,2,359,45,38,442,0,False,1900,2220,5,0,4,2,4,2,2,5,6,4,5,6,5,14,3,4,1,1,0,2,4,189,7,15,0,1,2,2,1,1,1,6,28,4,9,5,5,4, قائمة حزب التحالف الديمقراطى:1   قائمة حزب حركة النهضة :1  
7,6,2,78,3,471,322,500,1,177,178,322,500,0,0,318,2,2,322,0,False,1800,2145,6,0,0,1,3,3,2,0,0,0,5,2,1,0,7,0,0,0,1,0,1,178,1,16,3,0,0,4,0,6,0,0,39,0,30,1,1,7, قائمة حركة نداء تونس:1   قائمة حزب حركة النهضة :1   قائمة حزب الاتحاد الوطنى الحر:1  
7,6,2,78,2,470,385,500,1,114,115,385,500,0,0,381,1,2,384,1,False,1810,2115,4,0,0,0,4,2,4,0,1,1,1,0,0,3,3,1,1,1,0,0,8,198,3,7,2,0,1,2,3,14,0,1,75,1,33,0,1,6,قائمة الجبهة الشعبية:1   قائمة حزب حركة النهضة :1  
7,6,2,78,1,470,390,500,2,108,110,390,500,0,0,373,11,6,390,0,False,1830,2100,2,0,0,4,2,3,3,0,3,1,7,0,3,1,12,1,3,0,0,0,5,206,3,13,0,0,0,7,1,4,1,0,58,2,22,1,1,4,قائمة الحزب الاشتراكى:1   قائمة حركة نداء تونس:1   قائمة حزب حركة النهضة :1  
7,6,1,77,3,425,267,500,0,233,233,267,500,0,0,263,2,2,267,0,True,1845,2100,6,0,0,1,0,3,5,0,0,2,2,2,1,0,8,0,0,0,1,1,4,139,1,20,0,0,0,0,1,2,0,0,29,0,27,0,2,6, قائمة حركة نداء تونس:1   قائمة حزب حركة النهضة :1  
7,6,1,76,4,592,417,704,2,286,288,416,704,0,1,409,5,2,416,0,False,1900,2232,3,0,0,0,1,4,2,0,3,3,0,2,0,2,15,0,1,0,0,0,0,230,2,22,4,0,7,3,0,5,2,1,39,1,49,0,0,8, قائمة حزب حركة النهضة :1  قائمة الجبهة الشعبية:1   قائمة حركة نداء تونس:1  :  
7,6,1,76,3,592,458,700,18,224,242,458,700,0,0,448,6,4,458,0,True,1838,2249,6,0,0,0,2,1,5,0,2,2,2,2,2,4,7,0,2,2,1,0,2,271,1,8,3,0,3,4,0,7,0,0,71,2,25,1,2,8, قائمة حزب حركة النهضة :1   قائمة حركة نداء تونس:1   قائمة الوحدة الدستورية:1   قائمة حزب التحالف الديمقراطى:1  :  
7,6,1,76,2,592,517,700,3,180,183,517,700,0,0,508,7,2,517,0,False,1820,2330,2,1,0,5,2,4,7,1,4,1,2,1,3,4,21,0,0,0,0,0,0,299,1,13,1,0,3,2,0,4,1,1,74,1,43,2,0,5, قائمة حركة نداء تونس:1   قائمة حزب حركة النهضة :1  
7,6,1,76,1,592,464,700,4,233,237,463,700,0,1,432,18,11,461,0,False,1900,0141,3,0,0,2,0,3,2,2,1,0,3,0,3,9,28,4,3,0,2,1,3,253,4,6,2,0,2,3,2,3,1,5,48,3,25,3,0,4, قائمة حركة نداء تونس:1   قائمة حزب حركة النهضة :1  
7,6,1,75,3,448,307,500,0,193,193,307,500,0,0,299,3,5,307,0,False,18:15,20:00,4,1,0,1,0,0,1,1,1,1,0,4,2,1,3,1,0,1,0,2,2,157,0,15,5,0,2,5,0,4,0,3,46,1,26,0,3,6, قائمة تيار المحبة:1   قائمة حزب حركة النهضة :1   قائمة حركة نداء تونس:1  قائمة الجبهة الشعبية:1   قائمة الوحدة الدستورية:1  
7,6,1,75,2,448,364,500,1,135,136,364,500,0,0,357,6,1,364,0,True,1818,1949,4,1,0,1,2,0,0,2,3,0,3,3,1,2,9,0,0,0,0,0,9,198,4,4,9,0,3,2,1,4,0,1,60,0,23,2,0,6,قائمة الجبهة الشعبية:1   قائمة حزب حركة النهضة :1   قائمة حركة نداء تونس:1  
7,6,1,75,1,448,355,500,2,145,147,353,500,0,2,319,16,18,353,0,True,18,21,4,0,1,2,1,3,2,1,3,2,2,2,3,3,13,2,0,0,1,0,5,184,4,6,0,0,1,3,2,0,0,0,38,3,17,3,1,6, قائمة حزب التحالف الديمقراطى:   قائمة حركة نداء تونس:   قائمة الوحدة الدستورية:  
7,10,9,168,1,163,93,200,0,107,107,93,200,0,0,84,9,0,93,0,False,1800,1953,0,0,0,1,0,0,1,0,1,0,2,1,2,4,0,0,2,0,3,1,0,29,2,1,0,1,1,5,0,0,0,1,15,0,5,2,4,0, قائمة حزب حركة النهضة :2   قائمة حركة نداء تونس:1  
7,10,9,167,1,499,304,600,1,294,295,304,599,1,0,265,10,29,304,0,True,1910,2145,2,0,2,4,0,2,2,0,1,0,5,0,2,8,0,2,1,0,0,0,4,81,4,8,0,1,1,13,1,3,1,5,60,3,36,4,5,4,قائمة الجبهة الشعبية:1   قائمة حركة نداء تونس:1   قائمة حزب التحالف الديمقراطى:1   قائمة حزب حركة النهضة :1  
7,10,8,166,1,230,131,300,16,153,169,131,300,0,0,122,8,1,131,0,False,18.20,20.30,1,0,0,2,0,0,2,3,0,0,2,0,2,1,0,0,2,0,0,0,0,58,1,1,1,0,1,1,1,3,0,1,29,1,8,0,0,1, قائمة حركة نداء تونس:1   قائمة تيار المحبة:1  قائمة الجبهة الشعبية:1   قائمة حزب حركة النهضة :2  
7,10,7,165,1,128,85,200,0,115,115,85,200,0,0,72,11,2,85,0,False,,2000,0,0,0,0,2,0,1,0,0,0,0,1,0,1,0,0,2,0,0,1,2,34,0,0,1,0,0,0,2,0,0,0,20,0,3,0,0,2, قائمة حركة نداء تونس:2   قائمة حزب حركة النهضة :3  
7,10,7,164,1,292,146,400,0,254,254,146,400,0,0,132,14,0,146,0,True,1802,1930,0,1,1,1,1,0,2,0,1,2,1,0,1,0,0,0,0,0,1,1,2,65,4,1,0,0,0,5,7,1,0,1,22,2,3,1,4,1, قائمة حزب حركة النهضة :1   قائمة حركة نداء تونس:1   قائمة حزب التحالف الديمقراطى:1   قائمة حزب التكتل:1  
7,10,6,163,1,322,192,400,8,200,208,192,400,0,0,160,23,9,192,0,False,18.35,20.00,1,1,2,2,1,2,2,0,2,0,2,0,2,2,1,2,3,0,1,1,2,74,0,3,1,1,2,4,0,0,1,0,29,1,7,3,3,2,قائمة الجبهة الشعبية:1   قائمة حزب التكتل:1   قائمة حركة نداء تونس:2   قائمة حزب حركة النهضة :2  
7,10,5,162,1,66,41,101,0,60,60,41,101,0,0,36,2,3,41,0,True,1825,1904,1,0,0,1,0,0,0,0,1,0,0,1,2,0,0,0,0,0,0,0,0,17,2,2,0,0,0,0,0,0,0,0,7,0,1,0,0,1, قائمة حركة نداء تونس:3   قائمة حزب حركة النهضة :2  
7,10,5,161,1,458,280,500,6,214,220,280,500,0,0,267,13,0,280,0,False,1808,1945,1,0,1,1,0,0,3,0,1,0,3,0,1,4,1,2,8,0,0,1,1,118,3,6,0,0,0,2,1,1,0,3,72,0,21,3,6,3,قائمة الجبهة الشعبية:1   قائمة تيار المحبة:1   قائمة حركة نداء تونس:1   قائمة حزب حركة النهضة :1  
7,10,4,160,1,163,97,200,9,94,103,97,200,0,66,85,10,2,97,0,False,1800,1925,1,1,1,1,1,0,0,0,1,1,0,0,1,2,0,1,0,0,0,0,2,35,2,3,2,2,2,2,0,1,0,2,17,3,0,0,0,1, قائمة حزب حركة النهضة :3   قائمة حركة نداء تونس:2  
7,10,3,159,1,83,49,100,0,51,51,49,100,0,0,45,2,2,49,0,False,1800,1850,0,0,1,0,0,2,1,0,0,0,0,1,1,0,0,1,1,0,0,0,0,23,0,0,0,0,1,3,0,4,0,0,5,0,1,0,0,0, قائمة حزب حركة النهضة :2   قائمة حركة نداء تونس:1  
7,10,2,158,1,329,215,400,3,182,185,215,400,0,0,179,28,8,215,0,False,1800,2110,4,0,1,1,1,0,2,0,3,0,2,1,2,4,0,2,5,0,1,0,0,88,3,2,0,0,0,16,3,0,0,0,28,3,5,1,1,0, قائمة حزب حركة النهضة :2   قائمة حركة نداء تونس:1   قائمة حزب التحالف الديمقراطى:1  
7,10,1,157,1,120,89,200,0,111,111,89,200,0,0,79,3,7,89,0,False,18:00,20:10,4,0,2,1,0,0,1,1,0,1,0,0,0,2,1,0,1,0,1,0,0,35,1,3,0,0,0,5,0,0,0,1,17,2,0,0,0,0, قائمة حزب حركة النهضة :   قائمة حركة نداء تونس:   قائمة حزب التحالف الديمقراطى:  
7,10,1,156,2,505,306,600,6,288,294,306,600,0,0,298,7,1,306,0,False,18:05,,0,1,0,0,0,0,2,0,2,1,3,0,0,0,3,1,2,1,1,0,0,161,1,7,1,0,1,40,1,3,0,3,55,0,7,1,0,0, قائمة حزب حركة النهضة :   قائمة حركة نداء تونس:   قائمة حزب التكتل:  
7,10,1,156,1,506,379,600,2,223,225,375,600,0,4,309,52,14,375,0,False,18:50,20:55,3,2,2,5,1,1,4,2,4,1,1,0,2,5,1,4,3,0,0,2,4,163,7,7,1,1,0,23,3,0,1,2,35,3,3,3,5,5, قائمة حزب التحالف الديمقراطى:   قائمة حزب حركة النهضة :   قائمة حركة نداء تونس:  
7,10,1,155,2,505,312,599,12,275,287,312,599,0,0,291,14,7,312,0,False,19:10,20:53,0,0,0,2,1,1,1,0,0,0,4,0,0,0,0,1,1,0,1,0,6,150,2,16,0,0,0,17,5,4,0,2,61,0,11,0,2,3, قائمة حركة نداء تونس:   قائمة حزب حركة النهضة :   قائمة حزب التحالف الديمقراطى:  
7,10,1,155,1,506,375,600,0,225,225,375,600,0,0,341,20,14,375,0,False,18:00,20:50,2,1,2,2,1,3,2,2,2,0,4,1,1,5,1,1,6,0,3,1,5,161,2,15,1,0,2,19,3,4,4,4,65,1,4,3,5,3, قائمة حزب حركة النهضة :   قائمة حركة نداء تونس:   قائمة حزب التكتل:  
7,10,1,154,4,463,241,500,0,259,259,241,500,0,0,239,1,1,241,0,False,18:15,19:50,0,0,0,0,0,0,1,0,2,0,1,0,2,0,0,0,0,0,0,0,2,120,1,18,0,0,0,11,13,3,0,1,47,2,8,2,0,5, قائمة حزب حركة النهضة :   قائمة حركة نداء تونس:   قائمة حزب التكتل:  
7,10,1,154,3,464,318,500,7,175,182,318,500,0,0,304,6,8,318,0,False,18:00,,3,0,0,3,0,0,2,1,0,0,1,1,3,1,0,0,2,0,0,0,7,152,2,5,0,0,0,20,9,2,1,3,71,2,7,1,0,5, قائمة حركة نداء تونس:   قائمة حزب حركة النهضة :   قائمة حزب التحالف الديمقراطى:   قائمة حزب التكتل:  
7,10,1,154,1,464,329,499,0,170,170,329,499,0,0,291,10,28,329,0,False,1800,2015,3,1,0,2,2,1,3,1,1,0,4,0,7,7,0,1,1,0,1,1,4,141,4,9,1,1,1,14,8,2,1,1,44,1,11,6,6,0, قائمة حزب التكتل:1   قائمة حركة نداء تونس:1   قائمة حزب التحالف الديمقراطى:1   قائمة حزب حركة النهضة :1  
7,5,4,74,1,156,73,200,0,127,127,73,200,0,0,67,5,1,73,0,False,"18,08","18,58",2,0,2,2,1,1,2,0,3,0,1,2,0,3,0,0,3,0,1,0,0,16,0,0,0,0,1,2,0,2,0,1,10,0,3,0,9,0, قائمة حزب حركة النهضة :   قائمة حركة نداء تونس:  
7,5,4,73,1,119,55,200,0,145,145,55,200,0,0,46,5,4,55,0,True,18,"18,53",0,0,0,0,1,0,0,1,2,0,1,0,1,0,0,1,1,0,0,0,0,12,1,2,1,0,1,2,1,1,0,1,10,1,0,0,3,2, قائمة حركة نداء تونس:   قائمة حزب حركة النهضة :  
7,5,3,72,1,241,164,300,1,135,136,164,300,0,0,145,16,3,164,0,True,18,"19,50",1,1,1,1,0,0,2,1,1,0,1,2,1,0,1,0,1,1,1,0,3,49,2,4,2,0,0,0,2,2,1,2,29,2,3,0,28,0, قائمة حزب حركة النهضة :   قائمة حركة نداء تونس:  
7,5,3,71,2,366,203,400,1,196,197,203,400,0,0,196,6,1,203,0,False,18,"20,05",2,0,2,0,0,0,1,0,0,0,1,1,0,4,0,0,2,0,0,0,1,64,6,4,2,1,9,2,0,1,0,0,21,1,12,0,58,1, قائمة حزب حركة النهضة :   قائمة حركة نداء تونس:  
7,5,3,71,1,366,267,400,12,113,125,267,392,8,0,234,26,7,267,0,False,1800,2105,2,1,1,1,0,1,0,1,0,3,5,2,2,3,2,3,0,1,1,0,3,55,24,11,0,0,13,6,1,0,1,3,35,1,17,2,32,1, قائمة حزب حركة النهضة :1   قائمة حركة نداء تونس:1  
7,5,2,70,1,85,50,100,2,48,50,50,100,0,0,45,5,0,50,0,True,18:30,19:10,0,0,0,0,0,0,1,0,2,0,0,0,0,0,0,0,0,0,0,0,1,6,0,1,0,0,1,0,0,1,0,0,24,0,0,1,6,1, قائمة حزب حركة النهضة :   قائمة حركة نداء تونس:  قائمة الجبهة الشعبية:  
7,5,2,69,1,148,98,200,0,102,102,98,200,0,0,87,4,7,98,0,False,18:15,18:53,1,1,0,0,0,0,0,0,1,1,1,0,0,0,4,3,0,0,0,0,0,35,0,0,0,0,3,0,2,2,0,0,22,0,3,2,5,1, قائمة حزب حركة النهضة :   قائمة حركة نداء تونس:  
7,5,1,68,2,527,307,600,21,272,293,307,600,0,0,286,16,5,307,0,False,1837,2121,1,0,0,0,1,0,2,1,0,2,1,0,2,0,0,1,2,0,0,0,17,84,0,8,0,0,3,3,0,4,1,12,80,1,26,1,32,1,قائمة الجبهة الشعبية:1   قائمة حركة نداء تونس:1   قائمة حزب حركة النهضة :1  
7,5,1,68,1,528,384,600,0,212,212,384,596,4,0,322,48,14,384,0,False,18.15,22.00,1,2,0,4,5,0,1,2,3,2,4,0,2,2,0,4,4,1,1,4,18,95,7,4,0,1,3,2,0,5,1,5,67,3,20,4,43,2, قائمة حزب حركة النهضة :1  قائمة الجبهة الشعبية:1   قائمة حزب المبادرة:1  
7,5,1,67,2,499,288,601,16,297,313,288,601,0,0,280,4,4,288,0,False,18.25,21.23,1,1,0,1,7,1,1,0,0,1,0,1,2,4,0,0,0,1,1,0,10,98,3,7,0,1,1,2,2,4,1,2,56,4,29,0,35,3, قائمة حزب حركة النهضة :1   قائمة حركة نداء تونس:1  قائمة الجبهة الشعبية:1   قائمة حركة وفاء:1  
7,5,1,67,1,500,367,600,19,214,233,367,600,0,0,329,28,10,367,0,True,18.00,21.00,1,3,1,4,1,2,3,0,0,1,2,1,3,6,1,0,2,0,2,3,23,143,4,7,0,0,0,2,1,3,1,4,34,0,22,2,46,1, قائمة حزب حركة النهضة :1  قائمة الجبهة الشعبية:1   قائمة حركة نداء تونس:1   قائمة حزب المبادرة:1  
7,1,6,13,1,21,7,100,0,93,93,7,100,0,0,6,1,0,7,0,False,1810,1840,1,0,0,0,0,0,0,0,0,0,0,0,0,0,0,0,0,0,0,0,0,3,0,1,0,0,0,0,0,0,0,0,0,0,1,0,0,0, قائمة حركة نداء تونس:1   قائمة حزب حركة النهضة :1  
7,1,6,12,1,87,56,100,0,44,44,56,100,0,0,48,8,0,56,0,False,1800,1930,0,1,0,0,0,0,0,1,1,1,12,1,0,1,0,0,0,0,0,0,0,6,0,1,1,0,2,2,1,1,0,0,13,0,3,0,0,0, قائمة حزب حركة النهضة :1  
7,1,5,11,1,104,58,200,0,142,142,58,200,0,0,52,3,3,58,0,False,18.10,19.00,2,0,0,0,0,0,0,0,1,0,0,1,1,2,0,0,1,0,0,0,2,31,0,1,0,0,0,0,0,0,0,0,7,0,2,0,0,1,:  
7,1,5,10,1,79,46,100,4,50,54,46,100,0,0,39,5,2,46,0,False,18.10,19.05,0,0,0,0,0,0,1,0,0,0,2,0,0,0,0,0,0,0,0,0,0,16,0,4,0,0,0,0,1,0,0,6,9,0,0,0,0,0, قائمة حزب الاتحاد الوطنى الحر:1   قائمة حزب المبادرة:1   قائمة حركة نداء تونس:1   قائمة حزب حركة النهضة :1  
7,1,5,9,1,210,122,300,0,178,178,122,300,0,0,113,4,5,122,0,False,18.10,19.46,1,0,1,2,1,0,1,0,0,0,2,0,3,1,1,0,0,0,0,1,0,64,3,2,0,0,0,1,0,3,0,0,24,1,0,0,1,0, قائمة حزب حركة النهضة :1   قائمة حركة نداء تونس:2   قائمة حزب الاتحاد الوطنى الحر:1  
7,1,5,8,1,154,96,200,1,103,104,96,200,0,0,92,2,2,96,0,False,18.10,19.10,0,2,0,0,0,0,1,0,1,0,2,0,1,5,0,1,0,0,2,1,2,42,1,3,1,0,0,0,0,0,0,2,16,1,5,0,2,1, قائمة حركة نداء تونس:1  قائمة الجبهة الشعبية:1   قائمة حزب حركة النهضة :1   قائمة حزب الاتحاد الوطنى الحر:1  
7,1,4,7,1,523,340,600,0,260,260,340,600,0,0,320,16,4,340,0,False,18.15,20.40,1,0,1,2,5,2,6,0,1,19,0,0,3,3,0,1,3,0,1,0,5,142,5,22,0,0,1,5,1,3,1,2,53,1,18,2,8,3, قائمة حزب حركة النهضة :3   قائمة حركة نداء تونس:2   قائمة حزب الاتحاد الوطنى الحر:1  
7,1,3,6,3,417,235,496,1,259,260,236,496,0,1,232,2,2,236,236,False,19:00,21:37,1,0,0,0,4,0,5,0,0,6,1,0,0,1,0,0,2,0,3,2,5,91,1,33,0,0,0,2,0,2,0,1,46,0,18,0,7,1, قائمة حزب حركة النهضة :   قائمة حركة نداء تونس:   قائمة حزب الاتحاد الوطنى الحر:  قائمة الجبهة الشعبية:  
7,1,3,6,2,419,312,500,1,187,188,312,500,0,0,288,18,6,312,0,False,19.00,20.17,1,0,0,1,7,0,2,0,0,8,5,1,1,1,0,1,1,0,1,3,7,108,3,14,2,1,0,2,1,4,1,4,83,1,19,1,4,0, قائمة حزب حركة النهضة :1   قائمة حركة نداء تونس:2   قائمة حزب الاتحاد الوطنى الحر:1  
7,1,3,6,1,419,284,500,0,216,216,284,500,0,0,245,36,3,284,0,False,18.36,21.20,0,1,3,0,2,0,3,1,0,6,9,2,1,4,0,4,2,1,1,3,2,81,1,12,4,2,0,1,0,1,1,6,55,1,23,2,8,2, قائمة حركة نداء تونس:1   قائمة حزب حركة النهضة :1   قائمة حزب الاتحاد الوطنى الحر:1   قائمة حزب المبادرة:1  قائمة الجبهة الشعبية:1  
7,1,3,5,2,392,236,500,0,264,264,236,500,0,0,226,4,6,236,0,False,18.15,20.45,0,0,0,1,2,0,1,0,0,16,2,0,1,0,0,2,0,0,1,0,0,87,0,18,0,0,2,2,1,8,0,0,59,1,16,1,4,1, قائمة حزب الاتحاد الوطنى الحر:1   قائمة حزب حركة النهضة :1   قائمة حركة نداء تونس:1  قائمة الجبهة الشعبية:1  
7,1,3,5,1,393,278,500,0,222,222,278,500,0,0,247,27,4,278,0,False,18.00,20.00,1,1,2,1,2,0,2,0,2,19,8,1,1,4,1,0,2,0,0,0,0,116,2,13,2,0,0,3,2,0,2,2,41,2,9,2,4,0, قائمة حزب حركة النهضة :1   قائمة حركة نداء تونس:1   قائمة حزب الاتحاد الوطنى الحر:1  
7,1,3,4,1,246,156,300,1,143,144,156,300,0,0,143,6,7,156,0,False,18:20,19:18,0,0,1,1,1,0,2,0,1,1,7,0,1,3,0,3,1,0,0,1,1,52,2,7,1,0,0,0,0,4,2,1,33,0,13,2,2,0, قائمة حركة نداء تونس:2  
7,1,2,3,1,134,84,200,0,116,116,84,200,0,0,65,15,4,84,0,False,18.10,19.30,0,0,0,1,0,0,1,0,0,0,2,1,1,2,1,2,1,0,0,0,0,30,1,3,1,1,0,0,0,0,0,0,13,1,2,0,1,0, قائمة حزب حركة النهضة :1   قائمة حركة نداء تونس:2   قائمة حزب الاتحاد الوطنى الحر:1  
7,1,2,2,2,472,293,500,1,206,207,293,500,0,0,265,19,9,293,0,False,06.00,,2,0,0,4,1,1,1,0,2,2,3,0,3,0,0,0,2,0,0,0,2,147,3,31,3,0,0,0,0,1,1,2,38,1,9,3,1,2, قائمة حركة نداء تونس:1   قائمة حزب الاتحاد الوطنى الحر:1   قائمة حزب حركة النهضة :1  
7,1,2,2,1,473,340,500,0,160,160,340,500,0,0,280,49,11,340,0,False,19:00,20:30,1,3,1,2,3,2,4,1,2,8,5,3,2,18,1,1,3,0,2,0,2,140,4,10,2,0,1,2,0,1,3,4,30,2,6,4,6,1, قائمة حركة نداء تونس:   قائمة حزب حركة النهضة :  قائمة الجبهة الشعبية:   قائمة حزب الاتحاد الوطنى الحر:  
7,1,1,1,1,514,380,600,3,219,222,378,600,0,2,335,17,26,378,0,False,18:00,21:00,0,0,0,2,4,2,5,2,2,11,4,2,4,2,1,4,4,0,3,1,4,132,3,11,0,1,0,1,2,6,2,3,86,2,19,2,7,1, قائمة حزب حركة النهضة :   قائمة حركة نداء تونس:   قائمة حزب الاتحاد الوطنى الحر:  
7,4,6,66,1,85,54,100,0,46,46,54,100,0,0,47,2,5,54,0,False,18.10,19.00,2,0,0,0,1,0,2,1,0,0,0,0,0,1,0,1,1,0,0,0,1,24,0,4,1,2,0,0,0,0,0,0,3,0,1,0,0,2, قائمة حزب حركة النهضة :1  
7,4,6,65,1,97,64,200,0,136,136,64,200,0,0,52,8,4,64,0,False,18.25,19.30,0,0,0,0,0,1,1,0,1,0,0,1,0,0,0,0,6,0,0,1,4,17,0,5,0,1,0,0,0,0,0,2,3,0,5,0,1,3, قائمة حزب حركة النهضة :1  
7,4,6,64,1,174,111,200,18,72,90,110,200,0,1,88,19,3,110,0,False,18.08,0,0,0,0,0,0,1,0,1,2,1,1,0,0,0,0,1,0,0,2,1,1,20,3,3,0,0,0,1,0,1,1,1,36,0,1,4,0,6, قائمة حزب حركة النهضة :1   قائمة حركة نداء تونس:1   قائمة حزب الاتحاد الوطنى الحر:1  قائمة حزب المؤتمر من اجل الجمهورية:1  
7,4,6,63,1,434,275,500,0,225,225,275,500,0,0,246,25,4,275,0,False,18.30,20.00,5,6,2,4,1,3,5,0,1,0,2,1,5,3,0,1,2,0,0,0,1,106,4,35,0,0,1,4,0,2,2,2,35,1,6,4,1,7,قائمة الجبهة الشعبية:1   قائمة حركة نداء تونس:1   قائمة حزب حركة النهضة :1   قائمة حزب الاتحاد الوطنى الحر:1   قائمة الوحدة الدستورية:1  
7,4,5,62,1,130,58,198,0,140,140,58,198,0,0,51,5,2,58,0,True,18.10,19.00,0,0,0,0,0,0,0,0,0,0,0,0,1,0,2,0,0,1,0,0,0,28,2,9,0,0,0,1,1,0,0,0,3,0,1,2,0,0, قائمة حركة نداء تونس:1   قائمة حزب حركة النهضة :1   قائمة حزب الاتحاد الوطنى الحر:1  
7,4,5,61,1,153,97,200,0,103,103,97,200,0,0,89,1,7,97,0,False,18.25,19.30,1,1,0,3,0,0,0,0,0,0,0,0,1,1,1,0,0,0,0,0,2,55,0,12,0,0,0,0,1,0,1,0,5,0,1,0,2,2, قائمة حركة نداء تونس:1   قائمة حزب حركة النهضة :1   قائمة حزب الاتحاد الوطنى الحر:1  
7,4,5,60,1,227,105,300,2,194,196,104,300,0,1,86,12,6,104,0,False,18.28,21.16,0,2,0,0,1,1,1,0,2,1,0,0,0,2,0,1,2,1,1,1,5,25,2,3,0,1,1,0,1,0,1,0,25,0,1,0,5,0,قائمة الجبهة الشعبية:1   قائمة حركة نداء تونس:1   قائمة حزب حركة النهضة :1   قائمة حزب الاتحاد الوطنى الحر:2  
7,4,4,59,1,438,234,500,0,266,266,234,500,0,0,196,11,27,234,0,True,18.00,20.30,3,1,0,1,2,1,13,1,1,1,0,0,2,2,1,1,2,0,0,0,3,90,3,10,0,1,0,2,0,1,1,5,35,2,8,1,2,0, قائمة حركة نداء تونس:1   قائمة حزب حركة النهضة :1   قائمة حزب الاتحاد الوطنى الحر:1  
7,4,3,58,2,330,100,394,0,295,294,100,394,0,0,88,3,9,100,0,False,18.30,19.05,1,0,0,0,6,0,1,0,1,0,0,1,1,0,0,0,1,1,0,1,4,33,0,8,0,0,0,2,0,2,2,1,14,0,7,0,0,1, قائمة حركة نداء تونس:1   قائمة حزب حركة النهضة :1  قائمة حزب المؤتمر من اجل الجمهورية:1   قائمة حزب الاتحاد الوطنى الحر:1  
7,4,3,58,1,331,178,400,0,222,222,178,400,0,0,148,23,7,178,0,False,18.07,20.20,2,1,1,3,8,6,1,2,2,1,1,1,2,2,0,1,0,0,2,2,8,49,3,7,0,1,2,5,3,0,0,4,19,2,5,1,0,1,قائمة الجبهة الشعبية:1   قائمة حركة نداء تونس:1   قائمة حزب حركة النهضة :1   قائمة حزب التحالف الديمقراطى:1  
7,4,3,57,2,379,140,400,0,260,260,140,400,0,0,135,3,2,140,0,True,18.18,19.37,1,0,0,3,0,0,2,0,1,0,0,0,1,0,0,1,1,0,1,0,2,44,1,9,0,0,0,9,0,1,1,2,44,0,5,2,1,3, قائمة حركة نداء تونس:1   قائمة حزب حركة النهضة :1   قائمة حزب الاتحاد الوطنى الحر:1  
7,4,3,57,1,379,249,400,2,151,153,247,400,0,2,205,22,20,247,0,False,1800,,1,1,1,2,0,0,1,2,4,2,1,2,5,3,1,3,4,0,4,0,12,68,5,9,0,0,1,5,3,1,2,2,39,4,10,4,0,3,قائمة الجبهة الشعبية:1   قائمة حزب حركة النهضة :1   قائمة حركة نداء تونس:1  قائمة حزب المؤتمر من اجل الجمهورية:1   قائمة حزب الاتحاد الوطنى الحر:1  
7,4,2,56,1,275,107,300,0,193,193,107,300,0,0,92,8,7,107,0,True,1800,1941,3,0,0,2,2,0,0,1,4,1,1,0,0,2,0,0,1,0,2,0,2,26,3,2,0,0,0,5,0,0,0,1,25,1,4,0,1,3, قائمة حزب حركة النهضة :1   قائمة حركة نداء تونس:1   قائمة حزب الاتحاد الوطنى الحر:1  قائمة حزب المؤتمر من اجل الجمهورية:1  :  
7,4,1,55,1,220,152,300,0,148,148,152,300,0,0,130,12,10,152,0,False,1900,1950,3,0,3,0,0,2,0,0,1,1,1,0,0,3,0,1,0,0,2,0,4,38,2,13,0,0,0,12,0,0,1,2,16,2,9,1,2,11, قائمة حزب الاتحاد الوطنى الحر:1   قائمة حركة نداء تونس:1   قائمة حزب حركة النهضة :1  
7,4,1,54,4,507,92,600,0,508,508,92,600,0,0,89,0,3,92,0,True,18:00,19:26,0,0,0,0,0,1,0,0,1,0,0,0,0,0,0,0,0,0,0,0,0,36,1,23,0,0,0,0,0,0,0,0,14,0,4,0,1,8, قائمة حزب الاتحاد الوطنى الحر:   قائمة حركة نداء تونس:   قائمة حزب حركة النهضة :  
7,4,1,54,3,600,219,600,0,381,381,219,600,0,0,202,15,2,219,0,False,18:00,20:30,0,0,0,1,5,0,1,0,0,0,0,0,2,1,1,0,0,0,0,0,3,92,0,20,0,0,0,4,0,1,1,5,49,1,3,0,2,10,قائمة حزب المؤتمر من اجل الجمهورية:   قائمة حزب المبادرة:   قائمة حزب حركة النهضة :   قائمة حركة نداء تونس:   قائمة حزب الاتحاد الوطنى الحر:  
7,4,1,54,2,510,241,600,4,355,359,241,600,0,0,224,15,2,241,0,False,18:30,,1,0,1,1,3,0,1,0,1,1,0,0,2,1,1,1,0,0,1,0,2,83,3,23,0,1,0,2,0,3,2,4,71,0,9,0,0,6, قائمة حزب الاتحاد الوطنى الحر:  قائمة حزب المؤتمر من اجل الجمهورية:   قائمة حركة نداء تونس:   قائمة حزب حركة النهضة :  
7,4,1,54,1,510,312,600,0,288,288,312,600,0,0,256,34,22,312,0,False,18:00,,0,0,3,4,5,0,5,1,4,2,0,0,0,5,2,3,2,2,3,1,8,85,4,22,2,1,1,3,1,1,0,11,60,1,4,2,1,7, قائمة حركة نداء تونس:   قائمة حزب حركة النهضة :   قائمة حزب التحالف الديمقراطى:   قائمة حزب الاتحاد الوطنى الحر:  
7,4,1,53,3,558,344,600,0,256,256,344,600,0,0,332,8,4,344,0,False,18:25,20:47,0,0,0,1,12,0,0,1,1,0,1,0,1,0,0,1,0,0,0,1,2,117,0,46,0,0,0,9,0,2,0,4,86,0,25,1,0,21, قائمة حزب حركة النهضة :  قائمة حزب المؤتمر من اجل الجمهورية:  
7,4,1,53,2,558,473,600,0,127,127,473,600,0,0,460,5,8,473,0,False,18:17,20:43,4,0,0,0,20,0,4,0,0,0,1,0,1,1,2,0,1,0,1,1,9,158,2,28,0,0,0,35,1,5,1,8,128,0,16,6,3,24, قائمة حزب حركة النهضة :   قائمة حركة نداء تونس:   قائمة حزب الاتحاد الوطنى الحر:   قائمة حزب المبادرة:   قائمة حزب التحالف الديمقراطى:  
7,2,9,36,1,97,54,200,0,146,146,54,200,0,0,48,4,2,54,0,False,1815,1850,0,0,0,0,0,0,0,0,0,0,0,0,0,5,0,0,0,0,0,0,0,30,1,0,0,1,1,0,0,0,0,0,6,0,2,1,0,0, قائمة حركة نداء تونس:2   قائمة حزب حركة النهضة :1  
7,2,9,35,1,109,71,200,3,126,129,71,200,0,0,62,8,1,71,0,True,1800,1945,0,0,1,2,0,0,1,1,0,0,0,0,0,3,0,1,0,0,1,0,1,23,1,3,0,0,0,0,2,0,0,2,4,0,6,3,2,5,قائمة الجبهة الشعبية:1   قائمة حزب حركة النهضة :1   قائمة حركة نداء تونس:2  :  
7,2,9,34,1,288,145,400,28,227,255,145,400,0,0,129,11,5,145,0,True,1820,1935,0,0,1,4,2,2,0,0,0,1,2,1,3,7,1,0,4,0,1,0,1,56,0,3,1,0,1,1,0,1,2,1,16,1,12,1,2,0, قائمة حركة نداء تونس:1  قائمة الجبهة الشعبية:1   قائمة حزب حركة النهضة :1  
7,2,8,33,1,183,101,200,0,99,99,101,200,0,0,85,14,2,101,0,False,18.06,19.00,0,0,0,0,1,1,2,2,2,1,1,1,0,1,0,0,1,0,1,1,0,32,0,4,0,0,0,0,0,1,1,5,18,0,6,3,0,0,قائمة الجبهة الشعبية:1   قائمة حركة نداء تونس:2   قائمة حزب حركة النهضة :1   قائمة حزب الاتحاد الوطنى الحر:1  
7,2,7,31,1,152,79,200,0,121,121,79,200,0,0,67,11,1,79,0,True,1846,2000,1,0,1,11,2,0,1,0,1,0,0,0,1,0,0,0,0,0,0,0,2,21,2,8,0,0,0,0,0,1,1,1,6,0,6,0,1,0, قائمة حزب حركة النهضة :1   قائمة حركة نداء تونس:1  قائمة الجبهة الشعبية:1  
7,2,6,30,1,84,53,195,0,142,142,53,195,0,0,50,1,2,53,0,False,1815,1905,0,0,0,0,0,0,0,0,0,0,0,0,0,4,0,0,0,0,0,0,1,24,1,1,0,0,0,0,0,0,1,0,10,0,7,0,0,1,قائمة الجبهة الشعبية:1   قائمة حركة نداء تونس:1   قائمة حزب حركة النهضة :1  
7,2,6,29,1,291,190,400,0,210,210,190,400,0,0,173,9,8,190,0,False,0605,2052,1,1,1,1,1,0,2,0,0,0,1,0,1,2,2,3,1,0,0,2,1,66,0,1,0,0,0,2,1,1,0,1,57,1,20,0,2,1, قائمة حركة نداء تونس:1  قائمة الجبهة الشعبية:1   قائمة حزب حركة النهضة :1  
7,2,6,28,1,169,108,200,0,92,92,107,199,1,1,98,4,6,108,1,False,1805,1911,4,1,2,0,0,0,0,0,1,0,1,0,1,3,0,1,1,0,0,3,3,46,2,1,0,0,0,1,0,1,0,1,18,0,4,1,2,0, قائمة حركة نداء تونس:2   قائمة حزب حركة النهضة :1  
7,2,5,27,1,554,358,600,0,242,242,358,600,0,0,314,38,6,358,0,False,1900,2200,0,3,1,4,1,0,5,0,6,2,4,1,3,3,8,0,1,0,0,0,2,142,5,21,0,0,1,0,0,1,1,2,69,0,22,2,0,4, قائمة حزب حركة النهضة :1  قائمة الجبهة الشعبية:1   قائمة حركة نداء تونس:1  
7,2,4,26,1,194,115,300,0,185,185,115,300,0,0,100,11,4,115,0,False,1830,1935,1,0,0,0,0,0,2,0,1,1,0,0,0,2,6,0,9,0,1,0,1,28,0,1,0,0,0,0,1,0,0,5,27,0,13,0,1,0,قائمة الجبهة الشعبية:1   قائمة حركة نداء تونس:1   قائمة حزب حركة النهضة :3  
7,2,4,25,1,486,278,600,0,322,322,278,600,0,0,243,9,26,278,0,False,18:51,21:34,2,2,0,4,3,1,0,1,0,0,1,0,2,9,2,3,3,0,2,0,3,117,12,5,0,1,1,2,0,0,1,4,34,5,13,1,2,7, قائمة حزب حركة النهضة :3   قائمة حركة نداء تونس:  
7,2,4,24,1,190,116,300,0,184,184,116,300,0,0,103,12,1,116,0,False,18h,19h35,0,4,0,1,0,0,0,0,0,1,2,0,1,1,1,0,2,0,1,1,1,42,0,0,0,0,1,0,1,0,0,0,21,3,15,2,2,0, قائمة حزب حركة النهضة :1   قائمة حركة نداء تونس:1  قائمة الجبهة الشعبية:1  
7,2,3,22,1,242,150,300,0,150,150,150,300,0,0,132,10,8,150,0,False,18h20,20h15,0,1,1,3,2,1,1,1,1,0,3,1,1,0,2,0,15,0,3,0,3,31,4,2,1,0,0,1,0,1,0,4,36,0,9,3,0,1, قائمة حزب حركة النهضة :1   قائمة حركة نداء تونس:1  قائمة الجبهة الشعبية:1  
7,2,3,21,1,215,132,300,0,168,168,132,300,0,0,121,9,2,132,0,False,18h20,20h15,1,0,1,1,2,1,2,0,0,0,0,0,0,2,0,2,3,0,0,0,1,52,2,7,2,0,1,1,0,0,0,4,25,0,9,2,0,0, قائمة حزب حركة النهضة :1   قائمة حركة نداء تونس:1  قائمة الجبهة الشعبية:1  
7,2,3,20,1,226,145,300,0,155,155,145,300,0,0,131,7,7,145,0,False,18h20,19h,0,8,1,2,0,0,1,0,0,0,0,0,1,0,7,1,0,0,0,0,3,37,2,9,0,0,1,0,1,0,1,1,22,1,28,3,1,0, قائمة حزب حركة النهضة :1   قائمة حركة نداء تونس:1  قائمة الجبهة الشعبية:1  
7,2,3,19,1,502,289,600,2,309,311,289,600,0,0,249,29,11,289,0,True,18h10,19h30,0,3,0,2,3,1,4,0,3,0,0,0,0,4,23,0,4,1,3,0,5,94,7,5,0,0,0,0,1,2,1,1,58,3,18,1,0,2, قائمة حزب حركة النهضة :1   قائمة حركة نداء تونس:1  قائمة الجبهة الشعبية:1  
7,2,2,18,4,530,290,602,23,289,312,290,602,0,0,275,15,5,290,0,True,18.30,20.16,3,0,0,2,1,0,2,7,0,4,1,2,3,0,2,1,3,0,0,1,2,123,3,18,0,1,1,0,1,5,0,1,48,0,23,11,0,6,قائمة الجبهة الشعبية:1   قائمة حركة نداء تونس:1   قائمة حزب حركة النهضة :1  
7,2,2,18,3,529,344,600,3,253,256,344,600,0,0,333,5,6,344,0,False,,21.36,3,0,1,1,1,1,6,10,1,1,0,3,2,1,2,1,0,0,0,0,2,158,4,14,0,2,0,1,0,5,0,1,67,2,35,3,1,4,قائمة الجبهة الشعبية:1   قائمة حركة نداء تونس:1   قائمة حزب حركة النهضة :1  
7,2,2,18,1,529,399,600,4,197,201,399,600,0,0,361,17,21,399,0,False,1857,2200,0,1,2,2,3,2,1,6,3,2,4,0,3,8,3,3,3,1,1,2,2,182,5,14,1,2,0,3,2,3,3,2,47,1,29,5,1,9, قائمة حركة نداء تونس:1  قائمة الجبهة الشعبية:1   قائمة حزب حركة النهضة :1  
7,2,1,17,1,552,363,600,0,237,237,363,600,0,0,320,33,10,363,0,False,18.00,21.17,2,0,0,2,1,3,2,0,2,0,2,1,0,5,5,2,4,0,1,0,2,154,6,6,0,1,3,4,1,0,0,5,75,0,24,4,3,0,قائمة الجبهة الشعبية:1   قائمة حركة نداء تونس:1   قائمة حزب حركة النهضة :1   قائمة تيار المحبة:1   قائمة حزب الاتحاد الوطنى الحر:1  
7,2,1,16,2,457,326,500,1,173,174,326,500,0,0,319,4,3,326,0,False,1828,2042,4,2,1,1,0,0,2,1,0,0,1,0,0,0,5,0,1,0,0,0,5,138,0,24,0,0,0,0,0,5,1,3,70,1,49,2,0,3, قائمة حزب حركة النهضة :1   قائمة حركة نداء تونس:1  قائمة الجبهة الشعبية:1   قائمة حزب المبادرة:1  
7,2,1,16,1,457,365,500,2,135,137,363,500,0,2,336,15,12,363,0,False,1800,2200,2,4,1,0,0,1,1,0,0,2,0,0,3,3,8,2,0,2,1,0,5,158,3,8,1,2,0,1,3,0,1,0,79,1,39,1,2,2, قائمة حركة نداء تونس:1  قائمة الجبهة الشعبية:1   قائمة حزب حركة النهضة :1  
7,2,1,15,1,512,394,600,0,206,206,394,600,0,0,317,34,43,394,0,False,18.45,21.30,1,1,5,2,1,1,6,1,2,2,3,1,2,5,0,5,6,1,3,4,1,135,8,9,0,0,1,1,2,0,3,4,59,0,32,4,2,4,قائمة الجبهة الشعبية:1   قائمة حركة نداء تونس:1   قائمة حزب حركة النهضة :2  
7,2,1,14,4,531,302,600,0,298,298,302,600,0,0,298,0,4,302,0,False,18.50,22.16,6,6,3,3,1,0,2,1,1,1,1,3,0,0,1,0,0,0,0,0,4,144,2,18,0,0,0,1,1,6,1,1,48,0,36,4,0,3, قائمة حزب المبادرة:1   قائمة حركة نداء تونس:1   قائمة حزب حركة النهضة :1   قائمة تيار المحبة:1  قائمة حزب المؤتمر من اجل الجمهورية:1  
7,2,1,14,3,532,379,600,0,221,221,379,600,0,0,363,11,5,379,0,False,18.30,21.10,1,5,0,3,5,0,4,2,1,0,0,0,1,1,4,1,0,0,1,0,3,163,3,12,1,0,0,2,1,7,0,5,77,0,55,2,0,3,قائمة الجبهة الشعبية:1   قائمة حزب حركة النهضة :1   قائمة حركة نداء تونس:1   قائمة حزب الاتحاد الوطنى الحر:1  
7,2,1,14,2,532,439,600,1,161,162,438,600,0,1,408,18,12,438,0,False,1800,2230,2,5,2,3,3,2,2,2,2,3,1,1,4,3,3,1,1,0,0,0,4,179,2,11,0,0,1,0,2,7,0,6,91,2,59,2,1,1,قائمة الجبهة الشعبية:1   قائمة حزب حركة النهضة :1   قائمة حركة نداء تونس:1   قائمة حزب الاتحاد الوطنى الحر:1  
7,2,1,14,1,532,416,600,3,182,185,415,600,0,1,352,20,43,415,0,False,19:00,21:00,2,1,2,2,1,1,1,2,2,2,2,2,1,8,8,1,1,1,1,0,4,179,6,8,0,1,0,0,0,4,1,0,65,0,30,3,5,5, قائمة حركة نداء تونس:   قائمة حزب حركة النهضة :  :  :  :  
