circonscriptionId,delegationId,subDelegationId,centerID,stationId,registeredVoters,aSigningVoters,bDeliveredBallots,cSpoiledBallots,dLeftBallots,eCplusD,fExtractedBallots,gEplusF,hBminusG,iAminusF,jListVotes,kCancelledVotes,lBlankVotes,mJplusKplusL,nFminusM,countingStart,countingEnd,tampon, الإصلاح والتنمية,آفاق تونس,أجيال التحدي,الاتحاد الوطني الحر,الالتزام والانصاف,الانفتاح والوفاء,التحالف الديمقراطي,التكتل من أجل العمل والحريات,التيار الديمقراطي,الجبهة التونسية للانقاذ,الجبهة الشعبية,الحركة الدستورية,الحرية,الحزب الجمهوري,الربيع العربي من أجل تحقيق,الرفاء التونسي,الشعب يريد,العريضة الشعبية,المؤتمر الشعبي,المؤتمر من أجل الجمهورية,المبادرة,المصالحة,الوحدوين الاحرار,انا الشعب,بقلوب مبصرة لتصحيح المسار,تيار المحبة,حركة التونسي,حركة الديمقراطيين الاشتراكيين,حركة الشعب,حركة النهضة,حركة نداء تونس,حركة وفاء,حزب الأمان,حزب البناء الوطني,حزب العمل التونسي,حزب المجد,حزب الوسط الاجتماعي,شبابنا ثورتنا وطموحات,صدى الجهات,صوت اللجان الثورية,صوت المواطن,صوت شعب تونس,قوى 14 جانفي,observers
23,5,8,145,3,430,298,500,0,202,202,298,500,0,0,295,2,1,298,0,False,1845,1520,1,16,3,5,0,0,3,2,18,0,12,0,0,8,0,0,1,0,0,4,1,2,1,0,0,3,1,0,1,116,88,0,0,0,4,0,3,0,1,0,0,1,0,حركة نداء تونس:1  آفاق تونس:1  حركة النهضة:1  
23,5,8,145,2,431,334,507,0,173,173,334,507,0,0,330,2,2,334,0,True,130,2000,1,17,0,6,0,0,9,3,11,0,12,0,1,6,0,2,2,0,1,13,1,2,1,1,0,1,0,0,3,165,66,1,0,1,0,1,3,0,0,0,0,0,0,حركة نداء تونس:1  حركة النهضة:1  
23,5,8,145,1,431,356,489,0,133,133,356,489,0,0,341,11,4,356,0,True,1815,2010,3,16,0,4,0,0,6,2,10,0,6,1,1,3,0,5,3,2,0,3,3,1,2,0,0,3,3,1,1,146,105,2,0,2,3,0,0,0,0,0,2,0,2,حركة نداء تونس:1  حركة النهضة:1  
23,5,8,144,2,329,215,400,0,185,185,215,400,0,0,213,0,2,215,0,False,1837,2022,0,6,0,8,0,0,4,1,14,0,8,0,0,10,0,0,1,2,0,11,0,0,0,1,0,7,0,0,0,68,66,0,4,0,0,2,0,0,0,0,0,0,0,حركة نداء تونس:1  الجبهة الشعبية:1  حركة النهضة:1  الاتحاد الوطني الحر:1  
23,5,8,144,1,329,243,400,0,157,157,243,400,0,0,235,4,4,243,0,False,1815,2000,4,8,0,8,1,0,3,0,7,1,8,0,0,13,1,1,1,1,0,1,0,1,1,0,1,5,1,0,0,77,75,3,5,0,2,2,0,1,0,0,2,1,0,حركة نداء تونس:1  حركة النهضة:1  
23,5,7,139,5,496,384,599,9,206,215,384,599,0,0,380,3,1,384,0,False,1900,2050,3,25,0,10,0,1,7,2,33,1,13,0,0,6,0,0,1,2,2,22,1,0,0,1,0,2,0,0,0,98,137,2,3,0,0,0,0,0,0,0,6,1,1,المؤتمر من أجل الجمهورية:1  حركة نداء تونس:1  حركة النهضة:1  
23,5,7,139,4,498,368,597,0,229,229,368,597,0,0,364,4,0,368,0,False,2000,2125,1,13,0,3,0,1,2,0,23,3,12,1,0,9,0,3,1,0,0,16,1,0,0,0,0,6,0,0,0,120,139,2,2,0,1,2,0,0,0,0,2,0,1,حركة نداء تونس:1  حركة النهضة:1  
23,5,7,139,3,498,427,600,2,171,173,427,600,0,0,420,3,4,427,0,False,1945,2010,4,16,0,2,0,0,5,4,14,1,14,0,0,7,0,0,2,1,0,4,5,2,0,1,0,5,1,1,1,166,152,4,0,0,4,1,3,0,0,0,0,0,0,حركة نداء تونس:1  حركة النهضة:1  
23,5,7,139,2,498,427,600,0,173,173,427,600,0,0,416,9,2,427,0,False,1850,2220,6,14,1,4,0,0,6,1,13,0,18,0,0,4,0,0,0,2,0,10,3,0,1,2,1,4,1,1,1,167,137,3,2,0,5,1,1,0,0,0,6,0,1,آفاق تونس:1  حركة النهضة:1  
23,5,7,139,1,498,426,602,0,176,176,426,602,0,0,409,8,9,426,0,False,1900,2145,5,7,2,11,0,0,8,0,22,1,13,2,1,8,0,1,2,3,1,7,2,1,1,2,1,1,0,2,3,132,155,3,0,1,1,0,0,1,0,1,5,1,2,حركة نداء تونس:1  حركة النهضة:1  
23,5,6,138,6,503,333,600,0,267,267,333,600,0,0,331,0,2,333,0,False,18:30,19:50,1,19,0,11,0,0,2,6,12,0,25,0,0,4,0,1,2,0,1,8,4,0,0,0,0,2,0,0,0,75,147,0,0,0,6,2,0,0,0,0,1,1,1,حركة نداء تونس:1  الاتحاد الوطني الحر:2  التكتل من أجل العمل والحريات:1  حركة النهضة:1  
23,5,6,138,5,505,367,600,1,232,233,367,600,0,0,361,2,4,367,0,False,19h,21h30,1,16,0,3,0,0,6,3,28,0,14,1,1,4,0,1,0,1,2,11,7,1,0,1,0,3,2,0,0,104,123,2,0,0,18,2,2,0,1,1,2,0,0,حركة نداء تونس:1  حركة النهضة:1  
23,5,6,138,4,505,373,600,0,227,227,373,600,0,0,366,5,2,373,0,False,1830,2100,0,13,1,6,1,0,10,3,23,3,13,0,0,7,0,0,2,1,0,7,2,0,1,0,1,9,1,0,1,121,127,2,1,1,7,1,0,0,0,0,0,0,1,حركة نداء تونس:1  حركة النهضة:1  آفاق تونس:1  
23,5,6,138,3,505,396,599,5,198,203,396,599,0,0,391,1,4,396,0,False,1848,2032,0,16,1,7,1,0,4,1,18,2,10,0,0,9,1,0,0,1,3,5,5,0,0,0,0,2,0,0,2,118,167,3,1,0,8,1,0,0,0,0,2,1,2,حركة النهضة:1  حركة نداء تونس:1  :  
23,5,6,138,2,505,404,600,0,196,196,404,600,0,0,383,9,12,404,0,False,1900,2100,4,7,0,2,0,3,8,7,12,0,13,2,2,10,0,1,1,0,0,8,5,1,0,0,2,3,1,2,0,109,163,1,1,1,8,0,0,1,0,1,2,1,1,حركة نداء تونس:1  حركة النهضة:1  
23,5,6,138,1,505,420,604,1,184,185,419,604,0,1,399,9,11,419,0,False,1800,2100,2,20,0,7,0,0,5,6,9,2,14,2,3,2,1,0,0,4,0,4,2,2,2,1,3,0,2,1,2,88,188,1,1,1,12,2,1,1,2,2,0,4,0,حركة نداء تونس:1  حركة النهضة:1  التكتل من أجل العمل والحريات:1  المؤتمر من أجل الجمهورية:1  
23,5,6,136,1,556,469,600,1,130,131,469,600,0,0,450,10,9,469,469,False,18:55,21:00,3,7,0,4,1,1,14,1,6,3,13,0,1,8,1,3,4,1,1,15,4,3,2,3,1,0,1,2,2,127,192,2,1,1,13,0,3,1,1,0,1,1,2,آفاق تونس:1  التكتل من أجل العمل والحريات:1  حركة نداء تونس:1  حركة النهضة:1  
23,5,6,135,3,537,366,600,9,225,234,366,600,0,0,364,0,2,366,0,False,19:00,20:45,1,11,2,9,1,1,5,3,14,0,15,0,0,13,0,0,0,1,3,12,0,0,0,0,0,1,0,1,2,110,145,2,0,0,4,2,2,2,0,0,0,2,0,الجبهة الشعبية:1  حركة نداء تونس:1  حركة النهضة:1  
23,5,6,135,2,539,392,600,1,207,208,392,600,0,0,385,4,3,392,0,False,18.40,20.50,4,13,2,7,0,0,8,4,11,1,18,0,1,15,0,0,1,0,1,9,3,0,1,1,0,8,1,0,1,116,150,1,0,1,3,0,1,0,1,0,2,0,0,حركة نداء تونس:1  حركة النهضة:1  
23,5,6,135,1,539,417,600,1,182,183,417,600,0,0,405,6,6,417,0,True,1819,2202,3,7,3,5,1,1,8,1,8,0,23,0,2,10,0,2,2,1,0,11,4,0,2,2,1,4,0,0,4,118,167,1,1,1,4,1,1,0,0,1,2,2,1,حركة نداء تونس:1  حركة النهضة:1  الحزب الجمهوري:1  آفاق تونس:1  
23,5,4,131,1,597,474,700,29,197,226,474,700,0,0,454,17,3,474,0,False,1845,2220,1,10,0,10,0,0,1,6,15,1,15,2,1,7,0,1,2,2,1,25,6,1,0,2,0,6,3,0,2,247,71,1,0,1,8,0,0,0,2,1,0,0,3,حركة النهضة:1  تيار المحبة:1  
23,5,4,130,2,498,298,601,0,303,303,298,601,0,0,285,8,5,298,0,False,1830,2039,0,1,1,1,0,0,1,0,6,0,3,0,0,1,0,0,2,2,1,9,1,1,0,1,0,3,0,0,1,158,81,1,1,0,2,1,0,1,0,1,3,1,0,آفاق تونس:1  حركة النهضة:1  
23,5,4,130,1,499,383,600,0,217,217,383,600,0,0,361,16,6,383,0,False,18.30,21.30,4,4,2,4,1,0,5,3,6,1,3,0,2,5,0,0,2,3,0,2,7,1,1,3,0,5,2,1,5,168,105,1,1,0,1,1,2,1,0,0,5,2,2,الجبهة الشعبية:1  حركة النهضة:1  حركة نداء تونس:1  
23,5,3,129,2,498,301,602,24,277,301,301,602,0,0,290,4,7,301,0,True,18.30,,1,4,0,13,0,0,1,0,3,0,7,0,0,7,0,0,0,6,0,6,2,0,1,3,1,15,1,0,2,134,73,2,1,0,0,0,0,1,0,1,2,2,1,حركة نداء تونس:1  حركة النهضة:1  
23,5,3,129,1,498,398,600,2,200,202,398,600,0,0,356,37,5,398,0,False,19.00,21.00,2,5,3,9,2,1,1,2,5,0,9,1,1,5,0,0,2,2,0,3,2,1,4,4,1,14,3,2,3,145,106,2,1,0,1,1,0,3,1,1,3,3,2,حركة نداء تونس:1  حركة النهضة:1  
23,5,3,128,4,480,352,580,5,223,228,352,580,0,0,344,3,5,352,0,False,18.30,20.45,3,20,0,12,0,0,4,0,26,2,8,0,0,8,0,0,2,0,1,9,0,0,0,0,0,3,0,0,0,136,92,3,3,0,0,0,0,0,0,0,11,0,1,حركة نداء تونس:1  حركة النهضة:1  
23,5,3,128,3,483,374,600,6,220,226,374,600,0,0,371,1,2,374,0,False,1830,2045,5,16,0,6,0,1,3,2,27,1,5,1,0,5,0,0,1,0,0,10,2,0,1,0,1,3,0,0,0,200,73,2,0,0,1,1,0,0,0,0,3,0,1,حركة نداء تونس:1  حركة النهضة:1  
23,5,3,128,2,483,402,600,25,173,198,402,600,0,0,394,8,0,402,0,True,1845,2125,0,18,1,3,0,0,2,1,15,1,10,0,1,6,0,2,3,0,2,5,0,0,0,1,2,5,1,0,1,215,93,1,0,0,1,0,0,0,0,0,4,0,0,حركة نداء تونس:1  الجبهة الشعبية:1  حركة النهضة:1  المؤتمر من أجل الجمهورية:1  
23,5,3,128,1,483,388,600,1,211,212,388,600,0,0,373,9,6,388,0,False,1820,2120,7,11,0,5,0,0,2,2,15,0,10,0,0,10,2,1,1,2,0,5,1,3,1,1,1,4,1,1,3,183,82,5,2,1,2,0,0,0,1,2,6,0,0,حركة نداء تونس:1  حركة النهضة:1  
23,5,3,127,4,597,428,697,3,266,269,428,697,0,0,423,2,3,428,0,False,1900,2110,4,31,1,6,0,1,4,4,34,1,9,0,0,5,0,0,1,1,0,18,0,0,0,2,0,5,0,0,1,152,123,3,1,1,0,2,0,0,0,0,12,0,1,حركة النهضة:1  حركة نداء تونس:1  الجبهة الشعبية:1  
23,5,3,127,3,599,452,700,0,248,248,452,700,0,0,444,3,5,452,0,False,18:40,21:00,6,10,0,7,0,0,4,2,28,3,13,0,1,6,0,0,1,4,0,17,2,0,0,0,0,5,0,2,1,205,114,1,1,1,0,0,0,0,0,0,10,0,0,آفاق تونس:1  حركة نداء تونس:1  حركة النهضة:1  
23,5,3,127,2,599,496,700,6,198,204,496,700,0,0,496,5,1,496,0,True,1850,2100,2,14,0,7,1,1,3,1,16,2,11,0,1,3,0,1,1,2,2,9,0,1,0,1,3,8,0,1,1,268,112,1,0,0,0,0,0,0,0,1,15,0,1,حركة نداء تونس:1  الحزب الجمهوري:1  حركة النهضة:1  التكتل من أجل العمل والحريات:1  تيار المحبة:1  
23,5,3,127,1,599,487,701,0,214,214,487,701,0,0,466,7,14,487,0,False,1850,2100,6,10,0,4,1,1,8,2,15,2,2,0,0,9,0,2,2,4,1,1,2,3,1,3,3,4,2,4,1,197,140,0,3,0,0,1,0,0,2,3,25,1,1,حركة نداء تونس:1  حركة النهضة:1  الحزب الجمهوري:1  
23,5,3,126,4,539,427,600,0,173,173,427,600,0,0,426,1,0,427,0,False,1945,2215,2,23,0,3,0,0,8,2,22,1,20,0,0,6,0,1,1,0,0,15,0,0,0,0,0,3,0,1,1,213,95,2,1,0,0,0,0,0,0,0,3,0,3,حركة نداء تونس:1  حركة النهضة:1  
23,5,3,126,3,542,436,611,0,175,175,436,611,0,0,431,4,1,436,0,False,1915,2222,3,11,0,7,0,0,3,3,23,1,3,0,0,7,1,0,2,0,1,11,3,0,0,0,1,7,2,1,0,253,82,2,1,0,1,0,0,0,0,1,1,0,0,حركة النهضة:1  حركة نداء تونس:1  
23,5,3,126,2,542,469,600,0,131,131,469,600,0,0,461,5,3,469,0,False,1915,,4,12,0,6,0,0,5,3,15,0,15,1,1,4,0,0,0,2,1,8,0,0,1,1,0,9,1,0,1,262,100,2,2,0,0,0,0,0,1,0,3,0,1,حركة نداء تونس:1  حركة النهضة:1  
23,5,3,126,1,542,455,600,1,144,145,455,600,0,0,425,17,13,455,0,False,1830,2130,4,11,0,3,0,2,7,3,14,2,12,0,0,6,1,3,0,0,0,4,1,1,2,3,0,3,3,1,1,221,101,2,1,2,0,0,0,2,1,3,2,1,2,حركة نداء تونس:1  حركة النهضة:1  آفاق تونس:1  
23,5,1,124,6,502,373,600,5,222,227,373,600,0,0,369,2,2,373,0,False,1845,,6,26,0,7,0,0,3,7,23,1,9,0,0,11,0,0,6,0,0,10,2,0,0,0,0,3,0,1,1,135,105,1,1,0,0,2,1,0,0,0,8,0,0,حركة نداء تونس:1  المؤتمر من أجل الجمهورية:1  حركة النهضة:1  
23,5,1,124,5,506,380,600,0,220,220,380,600,0,0,378,1,1,380,0,False,1805,2030,2,15,0,5,0,0,7,2,25,0,7,0,0,8,0,1,4,0,1,18,2,0,0,1,0,1,1,0,0,150,115,1,1,0,2,1,0,0,0,1,6,0,1,حركة نداء تونس:1  حركة النهضة:1  
23,5,1,124,4,506,418,599,0,181,181,418,599,0,0,417,0,1,418,0,False,1840,2115,2,12,0,4,0,0,10,2,16,1,7,0,1,7,0,0,3,1,1,9,1,0,0,0,1,10,1,0,0,178,138,0,1,1,0,0,1,0,0,0,9,0,0,حركة النهضة:1  حركة نداء تونس:1  الحزب الجمهوري:1  
23,5,1,124,3,506,427,600,0,173,173,427,600,0,0,421,6,0,427,0,False,19.08,20.28,3,13,0,1,0,0,7,2,20,0,11,0,0,6,0,0,1,0,0,5,2,1,1,0,1,3,0,0,1,208,123,2,0,0,0,1,1,0,0,0,7,0,1,حركة نداء تونس:1  الجبهة الشعبية:1  حركة النهضة:1  
23,5,1,124,2,506,422,600,8,170,178,422,600,0,0,413,5,4,422,0,False,19,"21,36",9,10,1,4,0,0,0,2,10,2,12,2,0,2,0,4,3,3,0,6,0,2,1,1,1,1,0,1,2,180,135,1,0,0,3,1,0,2,2,0,9,0,1,حركة نداء تونس:  حركة النهضة:  
23,5,1,124,1,506,425,600,1,174,175,425,600,0,0,397,16,12,425,0,False,19:00,22:00,4,7,1,2,0,0,7,3,12,2,9,2,5,6,1,1,5,0,0,8,7,1,1,1,0,6,3,4,4,151,118,2,2,0,2,2,0,1,0,2,13,1,1,حركة النهضة:  حركة نداء تونس:   الإصلاح والتنمية:  
23,5,1,123,6,512,366,601,3,232,235,366,601,0,0,365,0,1,366,0,False,19:15,21:15,6,26,0,7,0,0,3,3,29,1,12,1,0,6,0,0,1,0,0,12,0,0,0,0,0,0,0,0,1,124,124,1,3,0,0,0,0,0,0,0,5,0,0,آفاق تونس:1  حركة نداء تونس:1  حركة النهضة:1  
23,5,1,123,5,512,396,600,0,204,204,396,600,0,0,395,1,0,396,0,True,19:10,21:05,3,11,2,3,1,0,2,3,23,0,13,1,0,3,2,1,3,1,2,10,3,0,0,0,0,3,1,0,0,167,122,2,2,0,0,1,0,1,0,0,8,0,1,آفاق تونس:1  حركة نداء تونس:1  حركة النهضة:1  
23,5,1,123,4,512,403,601,1,197,198,403,601,0,0,401,1,1,403,0,False,"18,20","20,32",0,18,1,8,0,0,2,7,25,1,15,0,0,9,0,0,2,2,0,12,3,0,0,0,0,2,0,0,0,160,115,3,1,0,1,0,0,0,0,1,12,0,1,المؤتمر من أجل الجمهورية:  حركة نداء تونس:  حركة النهضة:  
23,5,1,123,3,512,435,600,3,162,165,435,600,0,0,430,1,4,435,0,False,19:15,22:15,1,17,2,4,1,1,4,3,17,0,11,0,0,8,0,0,2,0,0,9,3,1,0,0,1,5,1,0,3,178,144,1,2,0,0,1,1,0,0,0,8,0,1,تيار المحبة:1  حركة نداء تونس:1  حركة النهضة:1  
23,5,1,123,2,512,453,601,0,148,148,453,601,0,0,445,4,4,453,0,False,18:30,21:00,10,20,0,8,1,0,4,3,12,1,12,0,0,9,0,0,1,2,1,5,0,0,0,1,1,2,1,0,1,185,133,2,1,0,1,0,2,0,0,1,22,0,3,حركة نداء تونس:1  حركة النهضة:1  
23,5,1,123,1,512,439,600,34,127,161,439,600,0,0,423,7,9,439,0,False,1850,2145,3,4,0,2,1,0,3,2,13,3,10,1,1,9,2,3,1,0,1,4,3,2,0,1,2,3,2,2,2,156,162,2,1,0,0,1,1,0,3,0,15,1,1,حركة نداء تونس:1  حركة النهضة:1  
23,8,12,207,1,211,171,300,0,129,129,171,300,0,0,160,10,1,171,0,False,1815,1935,0,25,0,4,0,0,3,2,1,1,1,2,2,2,1,1,0,0,2,1,4,0,0,0,0,3,2,0,4,16,76,1,1,0,0,0,1,1,0,2,0,1,0,آفاق تونس:1  حركة نداء تونس:1  تيار المحبة:1  الاتحاد الوطني الحر:2  الحزب الجمهوري:1  
23,8,12,206,1,196,140,301,2,159,161,140,301,0,0,134,2,4,140,0,False,1800,1905,0,0,0,2,0,0,0,0,0,1,0,0,1,1,0,1,0,0,0,0,4,1,0,1,0,1,1,0,2,44,71,0,0,0,1,0,0,0,1,0,1,0,0,حركة نداء تونس:1  آفاق تونس:1  
23,8,12,205,1,125,92,200,0,108,108,92,200,0,0,86,5,1,92,0,False,1810,1900,0,0,0,3,1,0,0,1,0,0,2,0,1,3,1,3,1,0,0,2,1,0,0,3,0,1,0,0,2,14,44,0,0,1,0,0,1,1,0,0,0,0,0,
23,8,12,204,2,374,218,400,6,176,182,218,400,0,0,210,7,1,218,0,False,1820,1947,1,1,1,54,0,0,1,1,4,0,2,0,0,1,0,0,0,1,0,4,38,0,3,0,0,5,1,1,2,47,38,1,2,0,0,0,0,0,0,0,0,1,0,حركة نداء تونس:1  الاتحاد الوطني الحر:1  
23,8,12,204,1,374,298,400,0,102,102,298,400,0,0,288,10,1,299,0,False,1815,2030,2,2,2,28,1,1,4,3,5,0,0,2,1,4,1,3,1,1,2,3,20,0,1,1,1,6,2,1,3,95,76,2,2,0,0,1,3,3,1,2,0,1,1,حركة نداء تونس:1  تيار المحبة:1  الاتحاد الوطني الحر:1  
23,8,11,203,1,201,153,300,0,147,147,153,300,0,0,128,25,0,153,0,True,1900,2015,1,0,0,3,1,0,2,0,0,0,0,0,1,4,0,3,0,2,0,0,0,1,0,1,0,5,1,0,0,9,83,4,1,0,0,1,0,0,1,0,4,0,0,حركة نداء تونس:1  تيار المحبة:1  حركة النهضة:1  الحزب الجمهوري:1  الاتحاد الوطني الحر:1  
23,8,11,202,1,397,270,500,5,225,230,270,500,0,0,243,19,8,270,0,False,1820,2045,0,1,0,12,1,0,2,2,1,0,9,1,1,3,1,0,2,0,1,0,1,0,2,2,0,6,2,2,4,95,86,2,0,1,0,0,0,0,0,0,2,0,1,حركة نداء تونس:2  حركة النهضة:3  الجبهة الشعبية:1  تيار المحبة:1  
23,8,11,201,2,335,183,400,0,217,217,183,400,0,0,170,12,1,183,0,True,1845,2006,1,2,1,4,1,0,1,1,1,0,8,6,0,8,0,0,0,3,0,5,0,0,0,0,1,10,2,1,2,44,51,0,12,1,0,0,0,1,1,1,1,0,0,حركة نداء تونس:1  حركة النهضة:1  الجبهة الشعبية:1  آفاق تونس:1  الحزب الجمهوري:1  
23,8,11,201,1,336,258,400,1,142,143,257,400,0,1,236,13,8,257,0,True,1845,2013,0,3,0,5,1,4,2,0,1,1,4,5,3,3,0,1,0,2,0,2,2,0,0,0,0,18,1,2,3,45,102,0,15,3,1,0,1,1,1,1,2,1,0,تيار المحبة:1  حزب الأمان:  :  
23,8,10,200,2,314,192,400,12,196,208,192,400,0,0,180,2,10,192,0,False,1830,2100,0,1,7,10,4,0,2,2,0,2,2,1,2,5,0,0,0,5,0,3,1,1,1,2,1,3,0,0,2,55,60,1,2,0,0,1,1,0,0,0,1,0,2,حركة نداء تونس:1  حركة النهضة:1  الجبهة التونسية للانقاذ:1  
23,8,10,200,1,315,236,400,0,164,164,236,400,0,0,216,13,7,236,0,False,18.30,20.20,3,0,4,6,2,0,1,1,1,1,1,3,1,6,0,0,0,4,0,2,1,0,0,1,0,7,2,3,2,52,88,1,7,2,0,3,6,0,2,0,2,0,1,الاتحاد الوطني الحر:2  حركة النهضة:1  المؤتمر من أجل الجمهورية:1  حركة نداء تونس:1  
23,8,10,199,1,186,152,200,0,49,49,151,200,0,1,150,1,0,151,0,False,1830,2000,0,1,1,6,3,0,2,1,1,1,7,2,0,5,0,0,3,1,0,2,1,1,0,1,1,0,0,0,0,25,48,4,4,0,1,20,4,2,1,0,1,0,0,حركة نداء تونس:1  
23,8,10,198,2,390,191,500,0,309,309,191,500,0,0,182,8,1,191,0,False,1845,2000,0,1,6,4,5,0,0,0,0,0,1,2,0,1,0,0,0,5,1,3,0,5,1,1,0,10,0,0,1,68,43,1,16,2,0,2,1,1,0,0,1,0,0,الاتحاد الوطني الحر:1  
23,8,10,198,1,391,297,500,0,203,203,297,500,0,0,275,17,5,297,0,False,1830,2100,0,1,5,0,7,2,3,1,4,0,5,5,1,1,1,0,1,3,0,5,0,3,1,4,0,22,2,2,3,70,79,2,20,2,4,1,0,1,2,1,3,0,2,الاتحاد الوطني الحر:  حركة النهضة:  المؤتمر من أجل الجمهورية:  حركة نداء تونس:  
23,8,10,197,1,141,104,200,0,96,96,104,200,0,0,102,0,2,104,0,False,18h20,19h30,0,0,2,13,3,1,0,0,1,0,2,0,1,0,0,0,0,4,1,0,0,1,0,0,0,3,0,0,1,28,20,2,10,0,0,3,2,1,1,1,1,0,0,حركة النهضة:1  
23,8,9,196,1,340,211,396,1,184,185,211,396,0,0,190,16,5,211,0,False,18:30,20:03,0,4,1,12,0,0,1,0,0,2,3,15,0,1,0,1,0,2,0,4,1,1,1,0,0,11,0,1,0,44,64,2,0,2,2,0,14,1,0,0,0,0,0,حركة نداء تونس:3  آفاق تونس:1  حركة النهضة:2  الاتحاد الوطني الحر:3  
23,8,9,195,1,411,247,500,1,252,253,247,500,0,0,242,4,1,247,0,False,"18,30","20,15",0,3,0,39,0,0,1,1,0,1,0,1,0,0,1,0,0,2,1,0,5,2,1,1,0,4,1,2,2,96,71,1,0,0,1,1,0,0,0,0,2,0,2,حركة النهضة:  حركة نداء تونس:  الاتحاد الوطني الحر:  
23,8,8,194,1,461,235,600,0,365,365,235,600,0,0,228,2,5,235,0,False,18,20,1,3,0,8,0,0,1,0,2,1,3,2,2,3,0,1,1,5,0,3,1,0,2,3,1,9,0,1,1,82,52,29,4,0,1,0,0,0,0,1,4,0,1,
23,8,8,193,1,342,230,400,1,170,171,229,400,0,1,223,2,4,229,0,True,19,20,1,4,0,7,0,0,2,1,2,1,2,5,2,8,1,2,0,1,0,4,2,0,0,1,1,4,0,0,3,115,48,1,2,0,0,1,1,0,0,0,1,0,0,حركة نداء تونس:  آفاق تونس:  حركة النهضة:  
23,8,8,192,1,258,167,300,0,133,133,167,300,0,0,151,8,8,167,0,False,18,"19,30",3,5,0,1,0,0,2,0,1,0,5,8,1,4,0,2,1,3,1,0,0,0,2,0,1,10,1,2,1,53,28,3,2,2,0,3,0,0,1,0,3,0,2,حركة نداء تونس:  حركة النهضة:  
23,8,8,191,1,219,165,300,4,131,135,165,300,0,0,156,4,5,165,0,False,1805,1931,0,1,1,3,0,0,0,0,1,0,9,10,1,6,0,0,0,1,1,1,0,0,0,0,0,1,2,0,0,30,57,1,20,2,0,0,0,0,6,1,1,0,0,حركة نداء تونس:1  حركة النهضة:1  
23,8,7,190,1,254,195,300,5,100,105,195,300,0,0,190,3,2,195,0,False,1800,,18,0,0,5,0,0,0,1,2,1,0,0,2,1,0,2,0,2,0,1,1,0,1,1,0,0,1,1,3,108,20,1,0,0,0,0,17,1,0,0,0,0,0,حركة النهضة:1  الاتحاد الوطني الحر:1  
23,8,7,189,1,308,212,400,12,176,188,212,400,0,0,193,13,6,212,0,False,1830,2025,0,2,2,2,1,1,6,3,1,2,1,3,2,7,0,1,2,5,0,2,0,0,0,0,0,21,1,3,2,74,24,0,17,0,0,0,1,0,3,2,1,1,0,الاتحاد الوطني الحر:2  حركة النهضة:1  
23,8,6,188,1,108,85,200,0,115,115,85,200,0,0,81,3,1,85,0,False,1820,2005,0,0,0,0,0,0,0,0,0,0,1,1,0,2,0,1,0,0,0,1,1,1,0,0,0,1,0,1,1,6,37,0,26,0,0,0,0,0,0,0,1,0,0,حركة نداء تونس:2  
23,8,6,187,2,397,256,500,1,243,244,256,500,0,0,245,10,1,256,0,False,1820,2130,0,3,1,8,0,0,14,1,3,1,73,1,0,2,0,0,1,1,0,2,1,0,0,7,0,0,1,0,0,57,64,1,2,0,0,1,0,0,0,0,0,0,0,حركة نداء تونس:1  الجبهة الشعبية:1  
23,8,6,187,1,397,312,499,0,187,187,312,499,0,0,281,25,6,312,0,False,18:10,20:15,1,2,2,7,1,0,16,0,4,1,74,1,0,2,0,2,1,4,1,0,2,3,0,12,1,3,1,1,3,34,90,2,1,0,0,1,0,1,2,0,3,1,1,الحزب الجمهوري:1  حركة نداء تونس:2  الجبهة الشعبية:1  تيار المحبة:1  
23,8,5,186,1,206,129,300,0,171,171,129,300,0,0,121,3,5,129,0,False,18.15,19.35,0,1,0,6,0,0,2,1,0,0,8,1,1,1,0,0,0,0,1,0,2,0,0,1,1,1,2,0,4,49,35,0,0,0,1,1,1,0,0,0,0,0,1,حركة نداء تونس:2  
23,8,5,185,1,323,219,400,1,180,181,219,400,0,0,208,2,9,219,0,False,18.00,20.05,1,7,0,6,0,0,1,2,2,0,12,2,0,8,1,0,1,2,0,1,1,2,0,1,2,10,0,0,0,35,96,2,0,0,0,1,8,0,1,2,1,0,0,حركة نداء تونس:1  الاتحاد الوطني الحر:1  
23,8,4,184,1,331,263,400,0,137,137,263,400,0,0,255,3,5,263,0,False,18.30,21.05,2,2,0,5,1,2,7,3,2,0,1,0,1,2,0,1,0,2,0,7,2,0,3,2,1,10,3,1,0,72,119,0,0,0,0,0,0,1,0,0,0,1,2,حركة النهضة:1  
23,8,3,183,1,222,165,299,0,134,134,165,299,0,0,149,12,4,165,0,False,1800,2000,0,3,0,2,0,4,0,0,3,0,2,0,1,0,0,1,1,0,0,2,1,0,0,1,0,4,2,0,3,82,22,1,9,0,1,0,0,0,1,2,0,0,1,حركة النهضة:1  الاتحاد الوطني الحر:2  
23,8,3,182,2,466,324,500,0,176,176,324,500,0,0,308,10,6,324,0,True,1700,,2,3,0,9,0,0,9,2,5,0,4,0,1,4,0,1,1,5,1,2,3,1,4,2,2,6,1,1,5,158,67,2,1,0,1,0,0,2,1,1,0,0,1,حركة النهضة:1  الاتحاد الوطني الحر:1  
23,8,3,182,1,466,390,500,2,108,110,390,500,0,0,366,18,6,390,0,False,"19,08",22,2,4,0,13,0,0,7,1,2,1,5,2,0,20,0,1,2,6,0,2,4,2,2,5,2,9,2,4,7,165,79,0,1,0,0,2,3,5,1,0,4,1,0,
23,8,2,181,1,422,292,500,0,208,208,292,500,0,0,279,7,6,292,0,True,"19,30","21,20",2,5,0,9,0,0,2,1,2,3,5,0,0,4,0,0,0,2,0,3,2,0,1,2,1,5,0,0,3,135,71,1,11,2,3,1,0,0,1,0,0,1,1,حركة النهضة:  
23,8,2,180,1,431,311,500,0,189,189,311,500,0,0,301,7,3,311,0,False,1815,1923,0,2,1,14,0,0,2,1,1,1,7,0,2,2,1,1,0,9,1,3,6,0,0,4,1,11,1,1,3,158,64,0,0,1,1,0,1,1,0,0,0,0,0,حركة النهضة:2  
23,8,2,179,2,336,239,400,1,160,161,239,400,0,0,233,1,5,239,0,True,1833,2000,1,3,0,8,0,0,0,1,2,0,20,0,1,7,0,0,1,1,1,9,0,0,0,2,1,3,1,0,0,109,55,4,0,0,1,1,0,0,0,1,0,0,0,التكتل من أجل العمل والحريات:1  حركة النهضة:1  
23,8,2,179,1,337,282,399,0,118,118,281,399,0,1,265,11,5,281,0,False,1835,2100,2,3,1,11,0,0,0,4,1,2,22,1,0,2,2,3,0,0,0,2,2,2,0,0,3,8,2,1,3,89,81,3,2,0,2,1,0,0,0,2,2,2,4,حركة النهضة:1  
23,8,1,178,3,566,323,700,0,376,376,324,700,0,1,316,4,4,324,0,True,,2130,1,13,0,26,0,0,3,7,4,5,20,5,0,8,0,0,0,1,0,3,0,1,0,1,0,5,1,0,0,85,115,1,6,0,2,1,1,1,0,0,0,0,0,حزب الأمان:1  حركة نداء تونس:1  حركة النهضة:1  الاتحاد الوطني الحر:1  
23,8,1,178,2,567,404,700,0,295,295,404,699,1,0,383,10,11,404,0,False,1830,2200,0,13,0,21,0,0,5,3,6,4,23,7,1,4,5,1,0,1,1,1,2,2,0,0,0,6,2,1,1,119,140,0,9,1,0,2,0,0,1,0,0,0,1,حركة نداء تونس:1  الاتحاد الوطني الحر:1  حركة النهضة:1  الحزب الجمهوري:1  حزب الأمان:1  
23,8,1,178,1,567,430,700,0,270,270,430,700,0,0,385,34,11,430,0,False,1830,2114,4,9,1,15,2,1,5,6,6,3,17,7,2,5,1,2,0,2,0,3,2,1,1,3,1,8,1,0,6,97,147,2,8,2,2,1,3,3,0,1,1,1,3,حركة نداء تونس:1  حركة النهضة:1  الحزب الجمهوري:1  حزب الأمان:1  الاتحاد الوطني الحر:1  تيار المحبة:1  
23,7,7,177,1,506,400,600,0,200,200,400,600,0,0,381,5,14,400,0,True,1850,,0,12,0,8,0,0,0,1,2,0,34,0,2,4,0,0,1,1,0,2,0,0,1,1,0,0,2,0,1,35,252,3,2,0,12,0,0,2,0,0,3,0,0,حركة نداء تونس:2  حركة النهضة:1  الاتحاد الوطني الحر:1  
23,7,6,176,2,357,235,392,0,157,157,235,392,0,0,230,4,1,235,0,False,18:45,20:25,0,2,0,4,0,0,4,2,8,0,76,0,4,1,0,0,0,2,1,9,0,1,0,0,0,0,0,0,0,35,62,2,0,0,15,1,0,0,0,1,0,0,0,الاتحاد الوطني الحر:1  الجبهة الشعبية:1  حركة النهضة:1  
23,7,6,176,1,357,251,400,0,149,149,251,400,0,0,228,17,6,251,0,False,18:30,20:30,1,1,1,3,1,1,4,0,2,2,55,0,5,2,0,1,2,3,4,2,2,0,0,4,2,2,0,1,2,25,78,0,1,0,15,3,0,1,0,1,1,0,0,الجبهة الشعبية:1  حركة نداء تونس:1  حركة النهضة:1  
23,7,5,175,2,431,252,500,8,240,248,252,500,0,0,249,0,3,252,0,False,1815,2045,0,4,1,6,0,0,1,0,7,0,31,2,1,2,0,0,1,2,0,6,0,0,0,0,0,7,1,1,0,76,85,1,0,0,13,0,0,0,0,0,0,1,0,حركة نداء تونس:1  الاتحاد الوطني الحر:1  :  حركة النهضة:1  
23,7,5,175,1,432,269,492,11,217,228,264,492,0,5,235,15,14,264,0,False,1820,2105,0,3,6,7,2,0,4,1,3,2,22,0,4,4,0,0,1,1,1,5,2,1,1,1,1,8,0,1,1,44,98,1,0,0,7,0,1,0,0,0,1,1,0,الجبهة الشعبية:1  حركة نداء تونس:1  حركة النهضة:1  
23,7,4,174,1,146,113,200,0,87,87,113,200,0,0,107,2,4,113,0,True,"18,17",20,13,4,1,8,0,0,0,1,4,0,13,0,0,3,0,0,0,2,0,0,2,0,1,0,0,3,0,0,1,6,39,0,6,0,0,0,0,0,0,0,0,0,0,الاتحاد الوطني الحر:  حركة نداء تونس:  
23,7,4,173,3,481,268,600,1,331,332,268,600,0,0,261,1,6,268,0,False,"18,45","20,20",1,14,0,16,1,1,5,1,11,1,44,0,0,9,0,0,0,0,0,7,0,0,1,0,0,2,1,0,0,33,57,4,2,0,49,1,0,0,0,0,0,0,0,حركة النهضة:  حركة نداء تونس:  الجبهة الشعبية:  
23,7,4,173,2,483,268,600,0,332,332,268,600,0,0,261,2,5,268,0,True,1815,1940,2,11,0,7,1,0,5,1,9,0,46,0,0,5,0,0,1,1,0,6,0,0,1,0,0,0,1,0,0,43,86,1,0,0,27,5,0,1,0,0,0,1,0,الجبهة الشعبية:1  حركة نداء تونس:1  الاتحاد الوطني الحر:1  
23,7,4,173,1,483,289,600,1,311,312,288,600,0,1,264,19,5,288,0,True,1815,2035,0,5,1,6,0,3,1,0,11,1,33,2,2,1,1,0,1,1,1,1,3,0,0,3,0,0,1,2,1,23,112,3,6,0,29,5,2,0,0,1,2,0,0,حركة نداء تونس:2  حركة النهضة:1  الجبهة الشعبية:1  
23,7,3,172,1,277,202,400,0,198,198,202,400,0,0,195,5,2,202,0,False,1835,2035,0,0,0,5,0,2,3,2,7,0,25,0,0,3,0,0,2,0,1,6,0,0,0,1,0,3,2,0,0,34,83,0,1,0,12,3,0,0,0,0,0,0,0,حركة نداء تونس:1  الاتحاد الوطني الحر:1  حركة النهضة:1  
23,7,2,171,1,582,436,700,71,194,265,436,700,0,0,415,19,2,436,0,False,18.52,20.47,3,5,2,17,0,0,7,1,6,0,66,0,1,6,0,1,1,2,0,3,2,0,1,2,0,5,0,1,0,77,160,3,22,1,16,0,1,0,1,1,1,0,0,حركة نداء تونس:1  الجبهة الشعبية:1  حركة النهضة:1  الاتحاد الوطني الحر:1  
23,7,2,170,4,565,378,600,1,221,222,378,600,0,0,372,2,4,378,0,False,18.15,21.30,4,6,2,15,1,0,6,0,6,0,72,1,2,4,0,0,1,2,0,2,0,0,1,0,1,2,2,1,0,29,177,2,0,1,27,3,2,0,0,0,0,0,0,حركة نداء تونس:1  حركة النهضة:1  الاتحاد الوطني الحر:1  الحزب الجمهوري:1  
23,7,2,170,3,566,417,600,1,182,183,417,600,0,0,412,1,4,417,0,False,18.30,21.00,0,8,0,7,2,0,5,2,1,0,73,0,0,3,0,0,1,2,2,8,1,1,0,0,1,2,0,0,1,59,188,0,5,0,36,4,0,0,0,0,0,0,0,حركة نداء تونس:1  الجبهة الشعبية:1  آفاق تونس:1  حركة النهضة:1  شبابنا ثورتنا وطموحات:  
23,7,2,170,2,566,462,602,0,140,140,462,602,0,0,445,12,5,462,0,False,1840,2115,2,5,1,6,0,0,11,0,5,0,110,1,4,5,0,1,0,0,1,5,1,2,2,0,0,1,1,1,0,53,192,1,4,0,18,6,1,0,0,0,4,0,1,حركة نداء تونس:1  حركة النهضة:1  الجبهة الشعبية:1  
23,7,2,170,1,566,454,598,1,143,144,454,598,0,0,406,30,18,454,0,False,1815,2100,2,7,2,4,0,0,7,2,3,1,39,0,1,5,1,1,2,6,1,3,5,0,3,0,2,2,0,1,0,56,200,1,2,0,34,7,0,3,0,1,1,1,0,حركة نداء تونس:1  الجبهة الشعبية:1  حركة النهضة:1  الحزب الجمهوري:1  
23,7,1,169,3,577,276,700,0,424,424,276,700,0,0,270,4,2,276,0,False,"18,30","21,30",3,6,2,12,0,1,0,1,15,1,21,0,0,4,0,0,0,0,1,8,2,0,0,0,0,1,0,1,2,137,28,4,3,0,15,1,0,1,0,0,0,0,0,الجبهة الشعبية:  حركة نداء تونس:  حركة النهضة:  
23,7,1,169,2,578,332,700,1,367,368,332,700,0,0,323,5,4,332,0,False,"18,50","20,31",0,6,0,11,0,0,2,0,9,2,19,2,0,5,0,0,1,2,1,2,2,1,0,2,1,1,0,0,4,185,47,1,1,0,11,2,1,0,0,0,1,1,0,الجبهة الشعبية:  حركة النهضة:  حركة نداء تونس:  
23,7,1,169,1,578,363,700,2,336,338,362,700,0,1,323,32,7,362,0,False,"18,10",23,1,3,1,5,1,1,2,3,10,3,17,2,2,3,0,4,4,1,2,2,2,3,3,0,1,0,2,0,3,150,59,0,7,0,16,3,1,1,2,1,1,0,1,الجبهة الشعبية:  
23,4,8,122,1,319,171,400,2,229,231,169,400,0,2,152,15,2,169,0,True,18:45,20:50,1,2,2,10,0,1,0,0,3,1,3,1,1,3,0,0,0,1,0,1,2,1,1,1,1,11,0,9,2,55,32,0,2,0,0,0,0,5,0,0,0,0,0,الاتحاد الوطني الحر:  حركة النهضة:3  حركة نداء تونس:  :  :  
23,4,8,121,1,425,243,500,1,256,257,243,500,0,0,234,5,4,243,0,False,1830,2000,1,0,1,11,0,0,2,2,2,0,12,7,1,4,0,0,1,1,0,3,9,1,0,2,0,2,0,0,0,131,29,2,1,0,1,1,1,5,0,0,0,0,1,الاتحاد الوطني الحر:1  حركة نداء تونس:1  حركة النهضة:2  
23,4,8,120,2,554,295,599,8,297,305,295,599,0,0,284,5,6,295,0,True,1900,,0,1,0,10,0,1,1,2,7,1,26,0,0,2,0,0,0,1,0,21,1,0,0,1,1,0,2,1,1,88,21,4,19,0,1,1,1,67,0,1,0,0,1,المؤتمر من أجل الجمهورية:  حركة النهضة:  التكتل من أجل العمل والحريات:  الجبهة الشعبية:  حركة نداء تونس:  الاتحاد الوطني الحر:  حزب الأمان:  
23,4,8,120,1,554,397,600,9,194,203,396,600,0,0,367,22,7,396,0,False,"18,30",21,0,4,1,10,1,1,3,2,3,0,16,2,4,3,1,2,3,4,0,15,1,0,3,1,2,10,4,3,1,117,46,3,24,1,3,2,1,64,1,2,0,1,2,حزب الأمان:  الاتحاد الوطني الحر:  المؤتمر من أجل الجمهورية:  حركة النهضة:  الجبهة الشعبية:  
23,4,7,119,2,395,235,499,0,264,264,235,499,0,0,227,3,5,235,0,False,1820,2045,1,2,0,13,0,0,11,0,8,2,5,27,0,5,0,1,0,2,0,3,2,1,0,0,1,1,1,0,0,46,93,0,0,1,0,0,0,0,0,0,1,0,0,الجبهة الشعبية:1  حركة النهضة:1  
23,4,7,119,1,395,300,500,1,199,200,300,500,0,0,280,17,3,300,0,False,"18,50","21,05",3,3,2,9,1,0,3,3,1,1,3,19,2,2,0,1,0,1,1,1,6,2,0,2,1,3,0,1,1,30,169,1,0,0,1,1,0,1,0,1,4,1,0,حركة النهضة:  حركة نداء تونس:  
23,4,7,118,2,506,316,594,0,278,278,316,594,0,0,308,5,3,316,0,False,1850,2051,0,1,0,25,0,0,2,4,9,1,30,1,1,6,0,1,0,5,0,9,2,3,0,0,0,3,0,0,0,92,104,0,2,1,0,0,0,0,1,1,4,0,0,المؤتمر الشعبي:1  حركة نداء تونس:1  حركة النهضة:1  
23,4,7,118,1,506,385,596,0,211,211,385,596,0,0,366,7,12,385,0,False,1900,2200,1,1,0,17,0,0,2,2,4,3,22,1,3,4,1,3,1,4,0,1,8,2,0,2,0,7,0,1,3,121,137,1,1,0,5,0,1,2,0,0,5,0,0,حركة نداء تونس:1  المصالحة:1  حركة النهضة:1  المبادرة:1  حزب الأمان:1  الحركة الدستورية:1  
23,4,6,117,1,416,260,500,0,240,240,260,500,0,0,249,10,1,260,0,False,1830,2010,0,2,1,5,0,1,3,3,2,3,4,0,2,5,0,3,2,4,0,3,7,1,2,2,1,6,1,1,3,30,130,3,8,0,2,1,1,1,1,4,0,0,1,حركة نداء تونس:1  حركة النهضة:1  المبادرة:1  
23,4,6,116,2,320,185,400,0,214,214,186,400,0,1,184,0,2,186,0,True,1830,2000,0,3,0,3,0,0,1,1,3,1,13,0,0,3,0,1,0,0,0,3,0,0,0,0,0,4,0,0,1,64,75,1,1,0,1,1,0,0,0,4,0,0,0,حركة نداء تونس:1  الجبهة الشعبية:1  حركة النهضة:1  
23,4,6,116,1,321,265,399,0,135,135,264,399,0,0,249,9,6,264,0,False,1815,2040,1,1,1,4,0,0,1,1,3,0,12,0,0,3,1,1,1,3,1,1,2,1,1,0,1,5,0,0,0,68,125,1,3,0,1,1,0,0,0,5,0,0,0,الجبهة الشعبية:1  حركة نداء تونس:1  حركة النهضة:1  
23,4,6,115,1,374,235,500,19,246,265,235,500,0,0,222,10,3,235,0,True,1938,2121,1,4,0,4,0,0,0,3,1,1,17,2,1,6,0,0,0,1,0,10,1,1,0,1,1,3,0,1,0,58,94,2,2,1,0,1,0,2,0,0,1,0,2,حركة نداء تونس:1  حركة النهضة:1  
23,4,6,114,3,443,226,500,0,274,274,226,500,0,0,218,4,4,226,0,False,1830,2030,1,4,0,6,0,0,2,0,0,0,13,0,0,33,0,0,0,0,1,1,2,1,0,0,0,2,0,0,2,56,82,0,4,0,0,0,0,1,1,6,0,0,0,حركة نداء تونس:2  الاتحاد الوطني الحر:1  الحزب الجمهوري:1  حركة النهضة:2  الجبهة الشعبية:1  
23,4,6,114,2,443,271,500,1,228,229,271,500,0,0,261,8,2,271,0,False,1815,2015,1,0,0,0,0,0,0,1,0,0,5,0,0,43,1,0,0,3,1,0,2,0,3,1,1,0,0,0,3,71,103,1,5,1,0,0,0,1,2,11,0,0,1,الحزب الجمهوري:1  آفاق تونس:1  الجبهة الشعبية:1  حركة نداء تونس:1  حركة النهضة:1  
23,4,6,114,1,443,297,504,0,207,207,297,504,0,0,269,21,7,297,0,False,18:00,21:10,1,1,0,2,1,0,3,0,2,0,8,1,1,35,0,3,0,4,1,3,2,0,3,0,0,5,1,1,1,50,110,0,2,2,0,2,1,2,3,14,3,0,1,الحزب الجمهوري:  حركة النهضة:2  حركة نداء تونس:2  الجبهة الشعبية:  :  
23,4,5,113,1,483,305,600,7,288,295,305,600,0,0,286,13,6,305,0,True,1830,2100,0,1,1,18,0,0,4,4,3,0,18,0,0,5,1,0,2,1,0,5,18,0,3,3,0,1,0,0,1,133,55,2,1,2,0,1,0,2,0,0,1,0,0,المبادرة:2  المؤتمر من أجل الجمهورية:1  حركة النهضة:1  حركة نداء تونس:1  الجبهة الشعبية:1  الاتحاد الوطني الحر:1  
23,4,5,112,2,387,246,499,0,253,253,246,499,0,0,239,3,4,246,0,False,1844,2007,0,1,0,21,0,0,8,2,0,0,34,0,0,2,0,0,0,0,0,8,1,0,0,0,0,1,0,0,0,76,77,2,0,3,0,0,0,0,1,2,0,0,0,المؤتمر من أجل الجمهورية:1  حركة النهضة:1  
23,4,5,112,1,387,286,501,6,209,215,286,501,0,0,265,12,9,286,0,False,1830,2030,0,2,0,7,0,1,15,2,4,2,16,1,1,0,0,2,0,3,1,5,0,1,3,2,2,1,3,0,1,89,85,2,1,1,0,1,1,2,0,4,3,1,0,الجبهة الشعبية:1  الاتحاد الوطني الحر:1  حركة النهضة:1  
23,4,4,111,1,443,305,500,0,196,196,304,500,0,1,296,3,5,304,0,False,1851,,0,2,1,7,0,1,1,1,4,2,14,0,0,1,0,1,0,3,0,5,3,25,1,3,0,2,1,0,2,155,39,17,0,0,2,2,0,1,0,0,0,0,0,الجبهة الشعبية:1  حركة نداء تونس:1  حركة النهضة:1  الاتحاد الوطني الحر:1  
23,4,4,110,1,181,145,200,0,55,55,145,200,0,0,137,5,3,145,0,False,"18,30","19,56",2,1,0,10,1,0,5,0,1,1,6,2,0,1,0,1,0,2,0,1,2,0,0,1,0,4,1,1,1,63,24,2,0,2,0,0,0,0,0,0,0,0,2,الجبهة الشعبية:  حركة النهضة:  المبادرة:  الاتحاد الوطني الحر:  
23,4,4,109,2,464,283,497,0,214,214,283,497,0,0,272,6,5,283,0,True,"18,40","20,25",1,3,0,8,0,0,6,1,3,1,5,1,0,2,0,0,0,0,0,6,17,3,1,0,0,6,0,0,0,177,27,0,0,2,0,0,0,1,0,0,0,1,0,حركة النهضة:  المصالحة:  حركة نداء تونس:2  
23,4,4,109,1,465,367,500,1,132,133,367,500,0,0,351,8,8,367,0,True,"18,30","20,15",2,2,2,13,2,1,3,3,0,4,8,1,3,4,1,1,2,0,0,5,28,9,3,3,5,7,1,0,7,180,41,2,0,2,0,0,1,0,0,1,0,2,2,الاتحاد الوطني الحر:  حركة النهضة:  الجبهة الشعبية:  
23,4,4,108,3,555,369,599,4,226,230,369,599,0,0,365,4,0,369,0,False,,"21,45",0,2,0,21,0,0,2,1,4,0,27,0,0,5,0,0,0,0,1,19,1,18,0,1,0,5,0,0,0,180,41,36,0,0,0,1,0,0,0,0,0,0,0,المصالحة:  حركة النهضة:  الجبهة الشعبية:  المؤتمر من أجل الجمهورية:  
23,4,4,108,2,556,443,601,2,156,158,443,601,0,0,436,1,6,443,0,False,"19,40",22,0,1,0,8,0,1,3,3,9,1,33,0,0,4,0,1,0,0,0,13,2,30,1,0,1,2,0,0,2,245,44,27,3,0,2,0,0,0,0,0,0,0,0,المصالحة:  الجبهة الشعبية:  حركة النهضة:  المبادرة:  الجبهة الشعبية:  
23,4,4,108,1,556,436,600,2,163,165,435,600,0,1,395,33,7,435,0,False,"18,55","20,25",3,1,2,5,1,0,0,1,1,3,33,4,3,6,0,1,2,5,0,10,7,32,1,0,0,3,3,1,4,165,74,14,1,1,1,2,1,1,0,1,1,0,1,حركة النهضة:  
23,4,3,107,1,555,304,600,0,296,296,304,600,0,0,289,11,4,304,0,False,18.30,20.25,1,5,0,15,0,0,3,1,5,1,8,0,2,4,0,3,0,8,0,6,4,0,1,3,1,10,0,0,7,93,81,2,13,3,0,1,1,0,2,1,1,0,3,حزب الأمان:1  الاتحاد الوطني الحر:1  حركة النهضة:1  
23,4,3,106,2,337,204,400,2,194,196,204,400,0,0,189,10,5,204,0,False,1805,2030,0,2,0,6,0,0,2,0,2,1,3,0,1,3,0,0,0,1,0,0,3,2,3,0,1,3,1,0,1,74,67,0,1,0,0,4,0,8,0,0,0,0,0,حركة نداء تونس:1  حركة النهضة:1  
23,4,3,106,1,337,245,400,9,147,156,244,400,0,1,203,34,7,244,0,False,18h56,22h10,3,1,1,6,1,0,2,2,2,1,1,2,2,7,1,1,0,3,0,0,1,1,3,4,1,1,0,2,3,55,68,2,2,2,0,5,0,10,1,2,2,0,2,حركة نداء تونس:1  حركة النهضة:1  الاتحاد الوطني الحر:1  
23,4,2,105,1,435,248,596,18,330,348,248,596,0,0,236,10,2,248,0,True,1900,2030,3,2,3,19,1,2,10,0,0,0,10,1,3,0,0,1,3,4,0,4,3,2,2,4,2,6,2,2,3,72,65,1,1,1,0,0,0,1,0,0,1,0,2,حركة النهضة:1  حركة نداء تونس:1  الجبهة الشعبية:1  الحركة الدستورية:1  
23,4,2,104,1,467,270,500,0,230,230,270,500,0,0,257,10,3,270,0,False,18h15,,3,2,0,8,0,0,2,3,5,1,8,2,2,4,0,1,2,6,0,9,2,5,1,0,2,20,3,6,1,99,45,2,3,3,0,0,2,1,1,0,0,0,2,المصالحة:1  حركة نداء تونس:1  حركة النهضة:1  
23,4,2,103,2,378,195,500,0,305,305,195,500,0,0,191,1,3,195,0,False,1830,2030,0,1,0,7,0,0,6,1,4,1,36,0,0,4,0,0,4,0,0,4,1,0,0,1,0,0,0,0,1,60,26,2,0,32,0,0,0,0,0,0,0,0,0,الجبهة الشعبية:1  حركة النهضة:1  
23,4,2,103,1,378,255,500,4,241,245,255,500,0,0,245,6,4,255,0,False,18h30,20h35,1,0,0,10,0,0,6,4,2,0,25,0,1,2,0,0,5,0,3,2,1,2,1,3,3,4,2,2,1,81,54,0,1,25,1,0,0,1,0,0,0,1,1,حركة نداء تونس:1  حركة النهضة:1  
23,4,2,102,1,407,239,501,2,260,262,239,501,0,0,225,5,9,239,0,False,18:30,20:45,2,2,0,10,0,1,1,0,6,1,5,0,1,5,0,3,6,0,0,2,5,4,1,2,1,3,3,1,1,107,22,2,1,23,0,0,0,0,2,1,1,0,0,حركة نداء تونس:1  المصالحة:1  الجبهة الشعبية:1  حركة النهضة:1  
23,4,1,101,1,558,282,600,2,316,318,282,600,0,0,251,26,5,282,0,True,1851,2128,1,9,1,5,0,0,0,3,2,0,7,0,2,1,0,0,1,0,0,1,13,0,0,0,0,4,0,0,2,95,94,0,2,1,0,0,1,1,0,1,1,1,2,حركة نداء تونس:1  حركة النهضة:1  الاتحاد الوطني الحر:1  
23,4,1,100,2,453,311,500,1,188,189,311,500,0,0,305,2,4,311,0,False,18h30,20h17,0,2,0,16,0,0,3,1,2,0,77,0,0,2,1,0,0,0,0,7,2,1,0,0,1,4,0,0,1,114,54,1,6,0,3,0,0,7,0,0,0,0,0,الجبهة الشعبية:1  حركة نداء تونس:1  حركة النهضة:1  الاتحاد الوطني الحر:1  
23,4,1,100,1,454,367,499,4,129,133,366,499,0,0,352,7,7,366,0,False,18:35,20:42,1,6,0,6,0,1,3,2,4,3,69,1,0,3,0,2,1,0,0,2,6,3,1,0,0,6,0,1,1,113,105,1,6,1,1,1,0,1,0,0,0,1,0,الجبهة الشعبية:1  حركة نداء تونس:1  المؤتمر من أجل الجمهورية:1  حركة النهضة:1  
23,4,1,99,3,538,359,601,12,230,242,359,601,0,0,352,3,4,359,0,False,18h30,21h09,0,6,1,21,0,1,2,3,6,0,106,0,0,6,0,0,0,2,1,5,6,3,0,0,0,0,0,0,0,98,78,3,0,0,2,0,0,1,0,0,1,0,0,الجبهة الشعبية:1  حركة نداء تونس:1  حركة النهضة:1  
23,4,1,99,2,539,413,602,7,182,189,413,602,0,0,408,2,3,413,0,False,1930,2220,1,6,0,7,1,1,7,0,10,1,83,0,0,9,0,0,0,3,0,3,14,0,0,1,0,1,0,1,1,136,115,0,3,0,0,0,0,2,1,0,1,0,0,حركة نداء تونس:1  الاتحاد الوطني الحر:1  حركة النهضة:1  المبادرة:1  الجبهة الشعبية:1  
23,4,1,99,1,539,423,607,1,184,185,422,607,0,1,397,17,8,422,0,False,18:07,21:25,1,4,3,4,0,1,2,3,10,1,64,3,0,4,1,1,4,2,0,2,14,3,0,1,0,3,2,2,1,116,126,0,3,0,4,0,0,2,1,0,3,4,2,الجبهة الشعبية:1  حركة النهضة:1  الاتحاد الوطني الحر:1  
23,4,1,98,5,580,361,700,0,339,339,361,700,0,0,351,6,4,361,0,False,1840,2010,0,3,0,14,1,0,2,0,7,3,150,0,1,3,0,1,0,1,2,3,7,0,0,0,1,0,0,0,1,83,68,0,0,0,0,0,0,0,0,0,0,0,0,الجبهة الشعبية:1  حركة نداء تونس:1  حركة النهضة:1  
23,4,1,98,4,582,378,696,14,304,318,378,696,0,0,373,2,3,378,0,False,18h45,,0,3,1,14,0,0,5,0,6,0,119,0,0,6,0,1,2,0,1,7,12,0,2,0,2,1,1,0,0,112,73,1,2,0,0,0,0,2,0,0,0,0,0,الجبهة الشعبية:2  حركة النهضة:2  الحزب الجمهوري:1  الاتحاد الوطني الحر:1  
23,4,1,98,2,582,477,700,0,223,223,477,700,0,0,463,12,2,477,0,False,1900,2159,2,3,0,10,0,2,4,3,4,1,139,1,2,1,0,1,1,0,0,5,6,1,0,3,3,2,4,0,1,134,126,0,1,1,1,0,0,0,0,0,1,0,0,الجبهة الشعبية:1  الاتحاد الوطني الحر:1  حركة نداء تونس:1  حركة النهضة:1  
23,4,1,98,1,582,436,700,1,263,264,436,700,0,0,406,20,10,436,0,False,1830,2120,1,5,3,9,0,1,3,2,6,3,82,3,2,3,0,2,1,1,0,4,16,2,6,2,3,3,3,1,9,61,155,3,1,1,2,0,0,2,0,1,2,2,0,حركة نداء تونس:1  الجبهة الشعبية:1  المبادرة:1  الرفاء التونسي:1  الاتحاد الوطني الحر:1  
23,1,9,31,2,357,139,399,11,249,260,139,399,0,0,137,2,0,139,0,False,1815,1935,1,3,6,5,0,0,3,0,1,0,0,0,0,6,0,0,0,0,0,4,6,1,0,2,0,5,0,0,1,45,40,2,0,0,0,0,0,5,0,0,0,0,1,حركة نداء تونس:  حركة النهضة:  الاتحاد الوطني الحر:  
23,1,9,31,1,357,236,400,5,159,164,236,400,0,0,223,10,3,236,0,False,18:15,19:42,3,3,14,13,0,0,0,2,0,2,5,0,1,3,1,1,3,3,1,1,9,1,0,1,0,6,0,1,1,65,71,0,0,1,1,0,1,4,1,0,2,1,1,حركة نداء تونس:  حركة النهضة:  الحزب الجمهوري:  الاتحاد الوطني الحر:  
23,1,8,30,1,178,109,200,3,88,91,109,200,0,0,96,6,7,109,0,False,18:00,,0,2,2,1,0,0,0,1,0,1,0,0,0,0,0,1,0,2,0,2,0,2,0,1,0,0,1,0,0,13,16,0,0,0,8,41,0,0,1,0,1,0,0,حركة النهضة:  حركة نداء تونس:  حزب المجد:  
23,1,8,29,1,306,202,400,2,196,198,202,400,0,0,190,10,2,202,0,False,1840,2030,0,1,2,0,1,0,0,1,3,0,1,0,1,0,0,2,1,2,0,0,6,0,0,3,1,3,0,0,1,18,30,1,0,0,10,97,0,2,0,0,2,0,1,حركة النهضة:  حركة نداء تونس:  المبادرة:  حزب المجد:  
23,1,8,28,2,312,161,400,0,239,239,161,400,0,0,151,2,8,161,0,False,1823,1935,0,1,1,7,0,0,2,1,2,0,2,1,0,0,0,0,1,1,2,8,1,0,0,0,0,0,0,1,1,54,56,1,0,0,2,4,0,1,1,0,0,0,0,حركة نداء تونس:1  حركة النهضة:1  
23,1,8,28,1,313,256,400,0,144,144,256,400,0,0,234,22,0,256,0,False,1810,2035,0,2,4,2,1,0,1,1,3,0,6,1,1,0,0,2,0,1,0,3,2,3,4,2,2,2,2,1,1,51,107,4,0,0,0,15,1,2,0,1,2,1,3,حركة نداء تونس:1  حركة النهضة:1  
23,1,7,27,1,274,178,300,3,119,122,178,300,0,0,166,7,5,178,0,False,1830,1945,1,0,0,6,0,0,0,0,0,1,1,3,1,1,0,2,1,1,0,0,1,0,0,0,2,7,1,0,0,49,56,1,1,2,3,24,0,0,0,0,0,1,0,حركة نداء تونس:3  حزب المجد:1  حركة النهضة:1  
23,1,7,26,1,429,269,500,1,230,231,269,500,0,0,251,11,7,269,0,False,1820,,1,3,0,10,1,0,0,0,2,1,3,1,1,1,0,0,0,1,0,4,2,1,1,0,3,3,0,0,0,33,78,1,0,0,8,87,0,1,1,2,1,0,0,حزب المجد:1  حركة نداء تونس:2  حركة النهضة:2  
23,1,7,25,2,561,344,600,10,247,257,343,600,0,1,332,4,7,343,0,False,1900,2140,0,0,0,3,0,0,0,0,0,0,2,0,0,3,0,1,2,0,1,3,1,0,0,0,0,4,0,1,0,276,22,0,12,0,0,0,0,0,0,0,1,0,0,حركة نداء تونس:1  حركة النهضة:1  حزب الأمان:1  
23,1,7,25,1,561,446,600,6,148,154,446,600,0,0,384,26,36,446,0,False,1800,2130,1,3,0,4,0,0,0,1,2,1,5,1,0,5,0,6,2,0,0,4,2,2,2,2,0,10,4,0,3,271,40,0,7,2,0,0,0,2,0,0,2,0,0,حركة نداء تونس:1  حزب الأمان:1  تيار المحبة:1  حركة النهضة:1  
23,1,6,24,1,517,418,600,3,179,182,418,600,0,0,383,31,4,418,0,False,1800,2126,1,1,1,3,0,2,3,1,2,1,3,15,0,7,0,1,1,6,0,13,3,1,0,2,3,3,1,0,5,189,91,12,2,0,1,0,0,5,1,0,3,0,0,الاتحاد الوطني الحر:1  حركة النهضة:1  حركة نداء تونس:1  الحركة الدستورية:1  
23,1,6,23,1,170,78,200,0,122,122,78,200,0,0,73,1,4,78,0,True,18.38,,0,1,1,1,0,0,0,0,1,2,4,0,1,2,0,0,0,0,1,5,1,1,0,1,1,0,1,0,0,33,14,1,0,0,0,0,1,0,0,0,0,0,0,حركة نداء تونس:1  حركة النهضة:1  
23,1,6,22,2,328,180,396,1,215,216,180,396,0,0,175,4,1,180,0,False,18.25,19.35,0,4,0,6,0,0,12,3,1,0,33,1,0,12,0,0,2,1,0,3,0,0,0,2,0,1,1,0,2,48,33,1,0,0,0,1,0,6,0,0,1,1,0,حركة نداء تونس:1  حركة النهضة:1  الحزب الجمهوري:1  
23,1,6,22,1,328,241,400,0,159,159,241,400,0,0,208,12,21,241,0,True,1830,2020,2,1,0,8,0,0,15,2,1,0,38,0,1,3,0,2,2,2,2,3,1,1,0,2,2,3,0,1,3,55,45,1,0,0,2,3,0,2,0,1,1,1,2,حركة النهضة:1  حركة نداء تونس:1  الاتحاد الوطني الحر:1  الحركة الدستورية:2  الجبهة الشعبية:1  
23,1,6,21,1,498,295,600,2,303,305,295,600,0,0,272,11,12,295,0,False,1830,2101,1,2,2,6,0,0,2,1,0,1,12,0,2,8,0,2,0,2,1,7,4,0,2,3,1,1,2,1,2,87,105,2,0,0,1,6,1,2,1,1,0,1,0,المؤتمر من أجل الجمهورية:1  حركة نداء تونس:1  حركة النهضة:1  
23,1,5,20,1,250,175,296,1,120,121,175,296,0,0,161,12,2,175,0,False,1810,1930,0,2,0,9,0,0,8,0,0,2,9,0,0,5,0,2,0,0,0,1,1,0,0,0,0,1,1,0,1,59,52,2,1,0,0,2,0,1,0,2,0,0,0,حركة نداء تونس:1  حركة النهضة:1  الاتحاد الوطني الحر:1  الجبهة التونسية للانقاذ:1  
23,1,5,19,1,416,276,500,0,224,224,276,500,0,0,257,7,12,276,0,False,19.31,22.10,0,1,1,7,1,0,1,1,1,0,42,3,0,47,0,0,2,5,1,4,4,1,1,0,3,9,1,0,4,64,37,1,1,2,1,2,0,1,2,0,4,1,1,حركة نداء تونس:1  الجبهة الشعبية:1  حركة النهضة:1  الاتحاد الوطني الحر:1  الحزب الجمهوري:1  
23,1,5,18,1,575,345,700,0,355,355,345,700,0,0,318,25,2,345,0,True,18.30,23.00,2,4,0,32,1,0,1,5,9,1,13,4,1,23,1,2,2,4,0,8,20,1,3,2,1,18,0,1,1,73,68,1,0,1,0,3,0,3,0,1,7,1,0,حركة نداء تونس:1  المبادرة:1  حركة النهضة:1  تيار المحبة:1  الحزب الجمهوري:1  
23,1,5,17,2,418,236,500,12,252,264,236,500,0,0,230,6,0,236,0,True,1835,2047,0,0,0,14,0,0,2,1,1,0,3,1,2,31,0,0,0,0,0,8,7,0,2,0,0,14,0,1,0,74,61,0,0,1,1,1,0,2,1,0,2,0,0,حركة نداء تونس:1  الاتحاد الوطني الحر:1  الحزب الجمهوري:1  حركة النهضة:  
23,1,5,17,1,418,323,500,5,171,176,323,499,1,0,294,8,21,323,0,True,1830,2130,1,0,1,11,2,1,2,2,0,1,4,1,3,11,0,1,0,2,0,0,5,1,2,0,0,21,0,1,1,101,104,0,1,1,0,0,0,1,2,1,8,0,1,حركة نداء تونس:2  حركة النهضة:1  الجبهة الشعبية:1  الاتحاد الوطني الحر:1  الحزب الجمهوري:1  
23,1,4,16,1,338,236,400,2,162,164,236,400,0,0,226,6,4,236,0,False,1815,2035,1,0,0,24,0,0,2,2,6,0,1,1,1,3,0,0,1,2,1,0,1,1,2,0,0,2,0,0,1,97,70,0,0,0,1,1,0,1,1,0,2,1,0,حركة نداء تونس:2  حركة النهضة:1  الاتحاد الوطني الحر:1  
23,1,4,15,1,361,213,400,2,185,187,213,400,0,0,197,9,7,213,0,False,1830,2040,0,1,61,5,0,1,2,3,1,2,3,1,1,2,0,0,0,3,0,1,56,1,0,0,2,1,0,1,1,25,15,0,0,0,0,0,1,3,0,0,3,1,0,حركة نداء تونس:1  المبادرة:1  حركة النهضة:1  الاتحاد الوطني الحر:1  
23,1,4,14,1,427,297,500,6,197,203,297,500,0,0,279,14,4,297,0,True,18.25,20.22,1,1,1,12,0,0,0,2,2,2,10,0,1,1,0,0,1,6,0,2,1,0,0,0,0,1,2,0,2,97,118,0,0,1,0,0,0,9,0,2,3,1,0,حركة نداء تونس:1  حركة النهضة:1  الاتحاد الوطني الحر:1  الحزب الجمهوري:1  
23,1,4,13,1,221,120,300,10,170,180,120,300,0,0,110,4,6,120,0,False,18.37,19.29,0,0,0,5,1,0,1,0,0,0,0,0,0,0,0,0,1,4,0,1,4,0,1,1,0,1,3,0,2,37,46,0,0,0,1,0,0,0,0,0,0,1,0,حركة نداء تونس:1  حركة النهضة:2  
23,1,3,12,1,199,104,300,0,196,196,104,300,0,0,97,4,3,104,0,True,1825,1930,0,0,0,4,0,0,0,0,0,0,0,0,0,11,0,1,1,1,1,0,2,1,0,0,1,0,1,0,1,27,41,0,2,0,0,0,0,0,0,2,0,0,0,حركة نداء تونس:1  حركة النهضة:1  
23,1,3,11,1,146,82,200,2,116,118,82,200,0,0,75,4,3,82,0,False,18.38,19.42,0,0,0,1,0,0,0,0,1,1,1,0,0,1,0,0,1,1,0,0,1,2,0,0,0,3,0,0,1,25,28,1,1,0,0,0,1,1,0,0,2,1,1,حركة نداء تونس:1  المبادرة:1  حركة النهضة:1  
23,1,3,10,2,491,192,600,1,408,409,191,600,0,1,188,1,2,191,0,False,1825,1945,0,1,0,6,0,0,0,0,1,0,1,0,0,27,0,1,0,5,0,0,1,0,1,2,0,2,0,0,2,49,75,0,11,0,0,0,0,1,1,0,0,0,1,حركة نداء تونس:1  المبادرة:1  حركة النهضة:1  
23,1,3,10,1,481,291,601,1,309,310,291,601,0,0,257,32,1,290,1,False,1810,2103,3,1,1,11,2,1,0,0,1,0,4,1,0,15,0,3,1,3,1,0,2,0,2,3,2,8,2,2,2,53,114,1,6,0,1,2,0,3,0,1,3,0,2,حركة نداء تونس:2  الاتحاد الوطني الحر:2  حركة النهضة:1  الحزب الجمهوري:1  
23,1,3,9,1,527,361,600,49,190,239,361,600,0,0,341,16,4,361,0,True,18.54,20.42,4,2,1,12,0,1,2,0,1,0,28,0,0,22,0,3,0,3,0,0,4,0,0,0,1,3,1,0,0,40,138,3,64,3,1,1,0,2,1,0,0,0,0,حركة نداء تونس:1  المبادرة:1  حركة النهضة:1  حزب الأمان:1  الاتحاد الوطني الحر:1  الحزب الجمهوري:1  
23,1,2,8,2,537,442,600,4,154,158,442,600,0,0,429,10,3,442,0,False,19.10,22.30,0,0,0,51,0,1,0,0,4,0,4,0,0,26,0,0,0,1,0,23,2,0,1,0,0,1,0,0,1,209,100,0,0,0,0,0,0,2,1,0,1,0,1,حركة نداء تونس:1  حركة النهضة:1  الاتحاد الوطني الحر:1  الحزب الجمهوري:1  
23,1,2,8,1,538,463,600,1,136,137,463,600,0,0,424,26,13,463,0,True,19.00,22.00,0,1,2,24,2,1,1,3,3,2,6,0,1,10,0,3,3,3,1,6,2,0,5,1,0,3,3,2,1,202,120,1,3,1,0,1,0,2,2,0,3,0,0,حركة نداء تونس:1  حركة النهضة:1  الاتحاد الوطني الحر:1  الحزب الجمهوري:1  
23,1,2,7,3,427,277,499,23,199,222,277,499,0,0,276,0,1,277,0,False,18.30,20.50,0,5,0,21,0,0,1,0,8,0,13,0,0,9,0,0,0,3,0,3,0,0,0,1,0,3,0,1,0,61,140,1,3,0,0,1,0,2,0,0,0,0,0,حركة نداء تونس:1  الجبهة الشعبية:1  حركة النهضة:2  الحزب الجمهوري:1  
23,1,2,7,2,428,324,500,2,174,176,324,500,0,0,316,4,4,324,0,False,18.30,21.11,1,2,0,10,0,0,3,0,4,1,14,0,0,4,0,1,0,2,0,7,3,0,0,0,1,6,0,0,0,110,141,1,1,0,1,1,0,0,0,0,1,1,0,حركة نداء تونس:1  آفاق تونس:1  حركة النهضة:1  الحزب الجمهوري:1  
23,1,2,7,1,428,333,500,0,167,167,333,500,0,0,313,14,6,333,0,False,18.50,21.10,3,4,1,4,0,0,2,0,1,0,20,1,0,2,0,0,0,3,0,2,2,1,3,1,0,6,0,0,2,68,175,1,2,0,1,1,0,1,0,2,1,1,2,حركة نداء تونس:2  الجبهة الشعبية:1  حركة النهضة:1  
23,1,1,6,2,342,176,407,0,231,231,176,407,0,0,165,4,7,176,0,False,18.00,,1,2,2,8,0,0,3,0,0,0,3,0,1,15,0,0,0,0,0,2,5,0,0,0,0,0,0,0,2,24,92,1,1,0,0,0,0,1,0,0,0,1,1,حركة نداء تونس:1  حركة النهضة:1  الاتحاد الوطني الحر:1  الحزب الجمهوري:1  
23,1,1,6,1,343,235,400,0,165,165,235,400,0,0,211,20,4,235,0,False,1800,2030,0,1,1,5,0,0,0,0,1,0,1,1,0,13,0,1,0,3,0,1,1,1,2,3,0,2,1,1,1,31,122,3,2,3,0,1,0,1,0,0,3,2,3,حركة النهضة:1  حركة نداء تونس:1  الاتحاد الوطني الحر:1  
23,1,1,5,1,214,163,300,0,137,137,163,300,0,0,147,11,5,163,0,False,18.00,19.22,0,0,0,2,0,0,0,0,0,0,1,0,0,20,0,0,0,0,1,1,1,2,1,1,0,4,0,0,0,37,59,2,3,0,0,1,0,6,1,0,0,2,2,حركة نداء تونس:1  حركة النهضة:1  الاتحاد الوطني الحر:1  الحزب الجمهوري:1  
23,1,1,4,2,426,336,500,7,157,164,336,500,0,0,331,4,1,336,0,True,18.15,20.05,0,5,0,13,0,0,2,0,5,0,7,0,0,113,0,0,0,0,0,2,1,0,0,0,0,3,0,0,0,77,91,0,0,0,1,3,0,3,2,0,2,0,1,الحزب الجمهوري:1  الاتحاد الوطني الحر:1  حركة نداء تونس:1  حركة النهضة:1  
23,1,1,4,1,427,366,500,0,134,134,366,500,0,0,342,16,8,366,0,False,18.00,20.30,0,2,1,3,1,1,0,1,2,0,16,0,0,65,0,1,1,0,0,6,1,0,4,4,3,1,2,0,2,80,127,2,0,0,2,1,1,4,2,2,1,1,2,حركة نداء تونس:1  الاتحاد الوطني الحر:1  حركة النهضة:1  الحزب الجمهوري:1  
23,1,1,3,2,326,234,400,0,166,166,234,400,0,0,226,3,5,234,0,False,18.05,20.00,7,0,0,1,0,0,0,0,0,0,3,1,1,187,0,0,0,1,0,0,0,0,1,0,0,0,0,0,0,6,13,1,0,0,1,0,0,2,1,0,0,0,0,حركة النهضة:1  حركة نداء تونس:1  الحزب الجمهوري:1  
23,1,1,3,1,326,266,400,0,134,134,266,400,0,0,241,16,9,266,0,False,18.00,20.20,5,3,0,2,0,0,0,0,0,0,4,0,2,147,0,3,3,1,1,3,0,1,2,0,2,3,3,0,1,16,29,1,0,1,0,1,0,3,1,0,0,0,3,الحزب الجمهوري:1  حركة النهضة:1  
23,1,1,2,1,482,282,600,10,309,319,281,600,0,1,229,32,20,281,0,False,1827,2120,1,2,0,10,0,1,1,1,0,0,5,1,2,35,0,0,1,4,0,1,2,0,1,1,0,3,0,1,2,35,106,2,1,0,0,0,0,3,0,5,1,0,1,الحزب الجمهوري:1  حركة نداء تونس:1  الاتحاد الوطني الحر:1  حركة النهضة:1  
23,1,1,1,6,551,379,599,26,194,220,379,599,0,0,373,1,5,379,0,True,1830,2205,0,2,0,24,0,0,0,0,4,0,13,0,0,104,0,0,0,0,0,10,2,0,0,1,0,1,0,0,0,70,132,1,1,0,0,1,0,6,1,0,0,0,0,حركة نداء تونس:1  الحزب الجمهوري:1  حركة النهضة:1  الاتحاد الوطني الحر:1  
23,1,1,1,5,554,344,600,9,247,256,344,600,0,0,334,9,1,344,0,False,1845,2000,1,3,0,20,0,0,2,1,1,0,5,0,2,91,0,1,0,1,0,6,1,1,0,0,1,2,0,1,1,72,116,0,0,1,0,1,0,3,0,0,0,0,0,الاتحاد الوطني الحر:1  الجبهة الشعبية:1  الحزب الجمهوري:1  حركة نداء تونس:1  حركة النهضة:1  
23,1,1,1,4,554,359,600,1,240,241,359,600,0,0,352,5,2,359,0,False,19.00,21.22,0,2,1,18,0,0,1,1,4,0,13,0,1,84,0,0,0,1,0,6,5,3,0,0,0,4,0,0,0,85,117,2,0,0,0,1,0,1,0,0,2,0,0,حركة نداء تونس:1  الاتحاد الوطني الحر:1  حركة النهضة:1  الحزب الجمهوري:1  
23,1,1,1,3,554,430,600,1,169,170,430,600,0,0,417,6,7,430,0,False,1830,2146,2,3,0,11,0,0,0,0,8,0,21,0,0,93,0,1,0,5,1,4,1,0,0,1,1,2,3,0,1,92,162,2,1,0,0,1,0,0,0,0,0,0,1,الاتحاد الوطني الحر:1  حركة النهضة:1  حركة نداء تونس:1  الحزب الجمهوري:1  
23,1,1,1,2,554,447,600,2,151,153,447,600,0,0,414,11,22,447,0,False,1900,2145,1,3,0,11,0,1,1,1,2,0,16,1,3,70,0,1,0,1,1,6,1,1,0,0,1,1,0,1,1,96,176,4,0,0,0,2,1,0,1,1,2,0,2,حركة نداء تونس:1  حركة النهضة:1  
23,1,1,1,1,554,434,600,0,166,166,434,600,0,0,405,13,16,434,0,True,1905,2130,1,2,2,13,0,1,1,0,3,1,8,1,1,48,0,0,2,1,0,6,4,0,4,1,1,0,1,1,2,59,220,5,1,1,0,1,0,5,1,0,5,0,2,الحزب الجمهوري:1  حركة نداء تونس:1  حركة النهضة:1  الاتحاد الوطني الحر:1  
23,2,6,46,2,400,238,500,27,235,262,238,500,0,0,238,0,0,238,0,True,18:20,,0,1,0,8,0,0,0,0,6,0,4,0,0,3,0,0,2,1,0,10,4,1,0,1,0,0,1,0,0,141,53,1,0,0,0,0,1,0,0,0,0,0,0,حركة نداء تونس:  حركة النهضة:  الاتحاد الوطني الحر:  
23,2,6,46,1,401,292,500,10,198,208,292,500,0,0,271,16,5,292,0,False,1915,2100,3,0,1,2,0,0,1,0,0,1,2,0,1,2,0,2,0,3,0,5,1,0,1,2,0,8,2,0,1,140,85,0,0,0,0,0,0,1,1,2,1,0,3,حركة نداء تونس:2  حركة النهضة:2  
23,2,6,45,2,337,193,400,1,206,207,193,400,0,0,187,6,0,193,0,False,18:20,19:45,0,2,0,5,1,0,3,1,2,7,6,0,2,1,1,0,1,1,1,5,4,0,0,1,0,3,2,1,0,49,85,0,2,0,0,0,0,0,0,1,0,0,0,حركة نداء تونس:2  حركة النهضة:  
23,2,6,45,1,338,270,400,0,130,130,270,400,0,0,263,4,3,270,0,False,18:55,20:36,0,4,0,3,3,0,0,3,4,10,1,1,1,2,0,2,1,4,1,6,10,0,1,3,2,2,2,2,0,74,110,1,1,1,1,0,0,1,0,1,4,0,1,حركة نداء تونس:  حركة النهضة:  
23,2,6,44,1,332,225,400,0,175,175,225,400,0,0,218,5,2,225,0,True,18:55,20:20,1,0,0,6,0,0,6,3,2,0,2,0,0,0,0,0,1,3,0,6,5,0,0,0,0,4,1,0,2,101,74,0,0,0,0,0,0,0,0,0,0,1,0,حركة نداء تونس:2  حركة النهضة:  
23,2,5,43,3,563,260,600,4,336,340,260,600,0,0,252,5,3,260,0,False,19:35,20:45,0,0,0,12,0,0,2,3,3,0,2,2,1,17,0,0,0,1,0,0,0,0,0,1,0,0,1,0,0,140,62,1,0,1,1,2,0,0,0,0,0,0,0,الحزب الجمهوري:  حركة نداء تونس:  حركة النهضة:  
23,2,5,43,2,563,346,600,0,254,254,346,600,0,0,341,3,2,346,0,False,19:30,,0,1,0,4,0,0,2,0,4,1,6,1,0,13,0,2,0,2,0,1,7,0,1,1,0,3,3,0,1,212,74,0,0,1,0,0,0,0,0,1,0,0,0,حركة النهضة:  الحزب الجمهوري:  الاتحاد الوطني الحر:  
23,2,5,43,1,563,374,600,0,226,226,374,600,0,0,343,18,13,374,0,True,18:30,20:30,3,0,1,6,0,0,4,1,4,0,4,1,4,6,0,1,0,2,2,4,2,1,0,2,0,8,1,3,3,152,120,0,0,1,0,0,0,2,1,1,1,1,1,الحزب الجمهوري:  آفاق تونس:  حركة النهضة:  حركة نداء تونس:  
23,2,4,42,1,336,213,400,0,187,187,213,400,0,0,195,12,6,213,0,False,19:45,20:50,2,1,0,6,0,2,1,1,0,1,19,1,0,1,0,0,1,1,0,3,0,2,0,5,2,1,2,0,0,60,56,2,1,0,1,0,0,2,12,1,1,1,6,حركة النهضة:  حركة نداء تونس:  الحزب الجمهوري:  
23,2,4,41,2,408,268,500,10,222,232,268,500,0,0,255,4,9,268,0,False,18:26,19:49,2,0,0,69,0,0,1,1,1,0,49,0,1,2,0,0,0,0,3,1,2,0,0,0,0,2,0,0,1,71,14,0,0,1,0,0,0,1,33,0,0,0,0,الاتحاد الوطني الحر:1  حركة النهضة:1  الجبهة الشعبية:1  
23,2,4,41,1,409,302,500,2,197,199,301,500,0,1,264,15,22,301,0,False,18:35,19:58,0,1,0,25,0,0,2,2,3,1,40,0,0,4,0,2,0,3,3,1,4,2,1,1,0,3,4,0,0,86,31,2,0,1,2,1,2,2,33,1,0,0,1,حركة نداء تونس:1  حركة النهضة:1  
23,2,4,40,1,459,300,500,1,199,200,300,500,0,0,283,11,6,300,0,False,19:00,21:30,0,2,0,18,0,2,0,2,3,1,59,0,1,2,1,2,2,1,1,1,2,1,0,0,0,3,1,1,0,87,75,0,2,1,0,3,0,1,1,0,3,0,4,حركة نداء تونس:1  الجبهة الشعبية:1  حركة النهضة:1  الاتحاد الوطني الحر:1  
23,2,3,39,1,282,180,400,8,212,220,180,400,0,0,171,7,2,180,0,False,18:15,19:19,0,1,0,4,0,0,0,0,3,1,0,0,0,1,0,0,0,1,0,0,4,1,1,2,0,1,1,0,2,129,15,0,0,0,0,1,0,1,0,0,1,0,1,حركة نداء تونس:1  حركة النهضة:1  
23,2,3,38,1,503,329,600,0,271,271,329,600,0,0,306,8,15,329,0,False,18:30,20:10,0,3,1,5,1,0,0,1,1,6,5,3,1,1,0,2,0,3,1,3,24,0,0,2,3,1,1,0,4,166,64,0,0,0,0,1,0,0,1,1,0,1,0,حركة نداء تونس:1  حركة النهضة:1  
23,2,3,37,2,345,183,400,1,216,217,183,400,0,0,178,2,3,183,0,False,1815,2038,0,1,0,3,0,1,1,0,1,0,8,0,1,1,0,1,0,2,0,3,9,0,0,2,0,2,0,1,0,99,37,2,0,0,0,0,0,2,0,0,1,0,0,حركة نداء تونس:2  الجبهة الشعبية:1  حركة النهضة:1  
23,2,3,37,1,346,214,400,1,185,186,214,400,0,0,187,16,11,214,0,False,18:15,20:16,1,4,1,3,0,1,1,0,0,1,4,0,1,1,0,3,0,0,1,2,9,1,0,1,2,3,1,2,1,90,47,2,0,0,0,0,0,0,1,0,3,0,0,المصالحة:1  حركة نداء تونس:1  المبادرة:1  حركة النهضة:1  
23,2,2,36,2,424,257,500,8,235,243,257,500,0,0,256,0,1,257,0,True,1830,2023,1,1,0,7,0,0,1,0,6,1,7,1,2,2,0,0,0,0,0,5,59,0,2,1,1,1,2,0,1,127,22,0,3,0,0,0,0,2,0,0,0,1,0,حركة النهضة:1  حركة نداء تونس:1  المبادرة:1  
23,2,2,36,1,424,311,500,9,180,189,311,500,0,0,288,13,10,311,0,False,1850,2105,1,3,0,10,0,0,4,3,5,1,6,0,0,5,0,1,1,2,0,0,54,0,2,2,2,4,1,1,2,129,40,0,1,0,0,0,0,1,1,0,4,1,1,المصالحة:1  حركة نداء تونس:1  حركة النهضة:1  الجبهة الشعبية:1  
23,2,2,35,3,468,264,500,0,236,236,264,500,0,0,259,1,4,264,0,True,18.30,21.10,0,3,0,7,0,1,0,0,1,0,5,0,0,0,0,0,1,1,2,7,14,0,0,0,0,0,0,1,4,184,17,7,0,0,1,0,0,0,1,0,1,0,1,حركة النهضة:1  
23,2,2,35,2,468,299,500,0,201,201,299,500,0,0,292,5,2,299,0,False,18.47,20.15,0,0,0,6,0,0,2,1,3,0,2,0,1,2,1,0,1,0,1,3,9,0,0,2,1,1,0,2,1,226,22,1,1,0,0,0,0,1,0,1,1,0,0,حركة نداء تونس:1  حركة النهضة:1  
23,2,2,35,1,468,345,500,2,153,155,345,500,0,0,314,26,5,345,0,False,1900,2035,5,0,0,9,1,1,0,2,3,0,3,2,3,3,0,0,2,6,2,2,17,3,2,1,2,2,2,1,9,195,25,2,1,0,0,2,0,2,1,1,0,1,1,حركة نداء تونس:1  المؤتمر من أجل الجمهورية:1  حركة النهضة:1  
23,2,1,34,1,306,200,400,2,198,2,200,202,198,0,189,5,6,200,0,False,18.30,19.51,1,2,2,7,0,1,2,0,1,0,4,1,2,1,1,2,3,0,0,1,5,4,0,3,0,2,0,1,3,114,18,1,1,1,0,0,1,0,1,1,1,0,1,حركة نداء تونس:1  حركة النهضة:1  
23,2,1,33,2,350,221,400,12,167,179,221,400,0,0,216,2,3,221,0,True,18.31,20.25,0,2,0,17,1,0,4,2,7,0,15,0,1,5,0,0,0,2,1,7,9,0,0,1,0,2,1,0,1,59,73,0,1,0,1,1,1,0,0,0,1,0,1,حركة نداء تونس:1  المبادرة:1  حركة النهضة:1  الجبهة التونسية للانقاذ:1  
23,2,1,33,1,351,246,400,9,145,9,246,400,0,0,228,10,8,246,0,False,18.37,19.50,2,5,0,7,1,0,3,1,3,4,11,2,0,4,0,0,1,1,1,4,12,3,1,0,0,2,0,4,1,57,80,1,2,0,2,1,1,2,0,1,2,5,1,حركة نداء تونس:1  حركة النهضة:1  
23,2,1,32,4,536,308,600,2,301,292,308,600,0,0,301,4,3,308,0,False,1845,2010,1,5,0,15,0,0,1,3,16,0,16,5,0,3,0,0,1,2,0,14,13,0,0,0,0,1,0,0,0,142,54,4,0,0,2,0,1,1,1,0,0,0,0,حركة نداء تونس:1  المبادرة:1  حركة النهضة:1  
23,2,1,32,3,539,347,600,0,253,253,347,600,0,0,340,5,2,347,0,True,18.50,20.20,0,3,0,13,0,0,2,2,8,3,15,2,0,7,0,0,0,0,1,14,13,0,1,0,0,3,0,2,0,162,76,4,0,0,5,0,1,1,0,0,0,1,1,حركة نداء تونس:1  المبادرة:1  حركة النهضة:1  
23,2,1,32,2,539,416,600,3,181,184,416,600,0,0,399,8,9,416,0,True,18h30,20h20,0,4,0,10,1,0,8,0,4,2,12,2,2,6,0,1,0,3,0,15,21,1,0,1,1,1,2,0,1,181,110,3,0,0,2,1,2,1,0,0,1,0,0,حركة نداء تونس:1  المؤتمر من أجل الجمهورية:1  حركة النهضة:1  
23,2,1,32,1,539,387,600,4,209,213,387,600,0,0,346,21,20,387,0,False,1830,2110,0,2,2,12,4,1,2,2,3,1,8,3,5,3,1,1,2,5,1,6,24,6,4,1,2,4,1,2,4,105,111,0,0,1,3,4,1,1,1,2,4,1,0,الجبهة التونسية للانقاذ:1  المبادرة:1  حركة النهضة:1  الاتحاد الوطني الحر:1  الحزب الجمهوري:1  
23,3,12,97,1,134,69,200,0,131,131,69,200,0,0,66,1,2,69,3,False,1800,1850,1,1,0,4,0,0,0,1,0,0,0,3,1,1,0,0,0,2,0,0,1,0,0,0,1,0,0,0,5,7,36,0,0,0,0,0,1,0,0,0,0,1,0,حركة نداء تونس:1  الاتحاد الوطني الحر:1  
23,3,12,96,1,336,236,400,1,163,164,236,400,0,0,224,12,0,236,0,True,1815,2035,0,1,1,1,0,0,0,2,1,3,5,1,1,1,0,0,0,0,0,4,3,2,2,1,0,2,0,0,33,69,84,1,2,0,1,0,0,0,1,1,1,0,0,الجبهة الشعبية:  حركة نداء تونس:  الاتحاد الوطني الحر:  
23,3,12,95,1,155,106,198,1,91,92,106,198,0,0,103,1,2,106,0,True,19h,20h,1,0,0,0,0,0,1,0,1,0,1,0,0,0,1,1,0,0,0,0,0,0,0,2,0,0,0,0,4,32,58,0,1,0,0,0,0,0,0,0,0,0,0,حركة نداء تونس:2  حركة النهضة:1  
23,3,12,94,1,268,188,300,0,112,112,188,300,0,0,179,8,1,188,0,False,1820,1940,6,4,0,3,0,3,1,0,0,3,3,0,1,1,1,0,0,2,1,2,3,2,0,1,0,5,0,0,13,71,48,1,0,0,0,1,0,1,0,0,1,0,1,حركة نداء تونس:3  حركة النهضة:1  تيار المحبة:1  
23,3,12,93,1,215,163,299,1,135,136,163,299,0,0,157,4,1,162,0,False,18,,0,1,2,2,0,0,0,1,1,1,4,0,0,1,0,0,0,0,0,0,0,0,0,0,0,3,0,0,81,25,26,1,3,1,0,1,0,0,1,1,0,0,1,حركة نداء تونس:1  حركة النهضة:1  الاتحاد الوطني الحر:1  
23,3,12,92,1,300,170,400,0,230,230,170,400,0,0,157,4,9,170,0,True,18h,20h,3,1,0,4,0,0,1,2,3,0,2,1,2,2,0,1,0,1,0,0,0,1,0,1,0,2,1,2,11,53,59,0,0,0,1,0,0,1,0,0,2,0,0,حركة نداء تونس:1  حركة النهضة:1  
23,3,12,91,1,390,230,400,1,171,170,229,400,0,1,204,14,11,229,0,False,,2045,2,3,1,3,0,0,1,2,1,2,3,7,1,4,0,0,1,2,1,3,5,1,5,0,1,10,3,2,13,44,73,0,2,0,3,1,0,0,0,1,3,0,0,
23,3,12,90,2,406,240,500,0,260,260,240,500,0,0,235,1,4,240,0,False,18h45,20h14,0,1,0,2,0,0,6,0,0,1,2,0,0,0,0,0,0,1,0,3,0,1,3,0,0,6,0,0,93,71,43,0,1,0,0,0,1,0,0,0,0,0,0,حركة نداء تونس:1  حركة النهضة:1  
23,3,12,90,1,406,319,500,1,180,181,319,500,0,0,300,17,2,319,0,False,19h,20h30,0,2,0,3,0,0,14,3,1,0,3,1,2,1,0,3,3,5,0,1,2,2,2,4,2,3,1,1,66,95,67,0,1,1,0,0,0,1,2,6,1,0,1,حركة نداء تونس:1  حركة النهضة:1  تيار المحبة:1  
23,3,11,89,1,225,154,300,0,146,146,154,300,0,0,153,1,0,154,0,False,19h,20h,0,0,0,1,0,0,0,0,0,0,5,0,1,1,0,0,0,0,0,1,0,0,1,2,0,1,0,3,5,73,53,0,1,0,0,1,0,0,0,0,2,2,0,حركة نداء تونس:2  حركة النهضة:2  
23,3,11,88,1,235,129,300,5,166,171,129,300,0,0,119,5,5,129,0,True,18:36,20:49,0,2,0,2,0,0,1,1,0,2,1,6,0,0,0,1,1,1,0,1,1,1,0,0,1,7,0,1,4,37,43,0,1,0,3,1,0,0,0,0,0,0,0,الجبهة الشعبية:1  حركة نداء تونس:1  حركة النهضة:1  
23,3,11,87,1,270,154,296,0,142,142,154,296,0,0,148,4,2,154,0,False,18,19:15,2,1,0,6,0,0,2,2,1,1,1,0,0,1,0,1,0,0,0,5,2,1,1,2,0,4,1,1,4,60,46,0,0,0,0,0,0,0,0,1,1,0,1,حركة نداء تونس:1  حركة النهضة:1  
23,3,11,86,1,340,224,400,1,175,176,224,400,0,0,216,2,6,224,0,False,18:30,19:30,2,1,0,3,0,1,1,1,0,0,2,1,0,0,0,0,0,2,0,2,0,1,1,1,1,3,1,1,11,86,89,0,1,0,0,0,1,0,0,1,2,0,0,حركة نداء تونس:2  حركة النهضة:2  الجبهة الشعبية:1  
23,3,11,85,1,402,227,500,0,273,273,227,500,0,0,214,3,10,227,0,True,18:55,20:56,1,1,1,2,1,0,2,1,1,2,30,0,0,2,1,0,1,1,1,1,1,0,0,1,1,9,1,1,13,53,79,0,0,0,2,0,1,3,0,0,0,0,0,الجبهة الشعبية:1  حركة النهضة:1  
23,3,10,84,1,173,113,200,1,86,87,113,200,0,0,111,1,1,113,0,False,1815,1930,1,2,0,2,0,0,0,1,0,6,1,6,1,0,0,1,0,2,0,1,2,0,2,3,0,2,0,1,8,53,11,1,0,0,0,0,0,0,0,2,1,1,0,
23,3,10,83,1,188,117,200,5,78,83,117,200,0,0,111,5,1,117,0,False,18.40,20.00,1,1,1,1,1,0,0,18,0,3,1,7,0,0,0,0,1,0,0,1,0,1,2,3,1,1,0,0,2,25,35,2,0,0,0,0,0,1,0,0,1,0,1,التكتل من أجل العمل والحريات:1  الاتحاد الوطني الحر:1  
23,3,10,82,1,474,285,500,0,215,215,285,500,0,0,260,22,3,285,0,False,18.30,,2,1,0,4,0,2,2,6,0,0,5,1,3,0,0,0,2,8,1,3,6,3,0,2,2,13,0,1,20,77,85,3,0,0,1,0,1,0,2,1,0,0,3,حركة النهضة:1  الجبهة الشعبية:1  
23,3,10,81,1,472,285,500,1,214,1,285,286,214,0,248,26,11,285,0,False,1830,1830,0,2,1,2,0,0,2,2,0,1,10,9,0,2,0,3,0,3,1,2,0,1,2,1,1,3,2,2,2,27,153,0,0,2,1,1,0,2,0,2,4,0,2,:  
23,3,10,80,1,229,142,300,0,158,158,142,300,0,0,138,3,1,142,0,True,18h30,20h20,1,5,0,4,1,1,1,1,1,0,1,0,0,3,0,0,0,2,1,9,0,1,0,0,2,1,1,0,2,52,44,1,0,0,1,0,1,0,0,0,1,0,0,حركة نداء تونس:2  الجبهة الشعبية:1  حركة النهضة:1  
23,3,9,79,1,249,158,300,0,142,142,158,300,0,0,141,9,8,158,0,False,18h15,20h10,2,3,0,6,0,1,0,1,3,0,0,1,0,0,0,0,0,4,0,10,4,1,2,1,1,1,2,1,6,64,20,1,1,0,1,1,0,0,0,1,1,1,0,حركة نداء تونس:1  حركة النهضة:1  
23,3,9,78,1,331,193,400,1,206,207,193,400,0,0,185,1,7,193,0,False,18,19:30,1,2,0,2,1,0,2,2,2,0,12,4,2,4,0,1,0,0,1,5,1,0,2,2,1,5,0,0,23,71,33,0,0,0,1,0,0,1,0,1,1,1,1,حركة نداء تونس:2  الجبهة الشعبية:1  
23,3,9,77,1,186,100,200,0,100,100,100,200,0,0,85,10,5,100,0,False,18:30,20,1,0,0,1,0,0,2,3,3,0,1,1,0,1,0,0,0,0,0,5,4,1,1,1,0,0,0,0,4,33,18,0,0,1,1,0,0,1,0,1,1,0,0,التكتل من أجل العمل والحريات:1  
23,3,9,76,1,408,227,500,0,273,273,227,500,0,0,221,6,0,227,0,True,18:30,20:30,1,1,0,10,1,0,4,3,0,1,7,2,1,2,0,1,1,4,0,2,3,1,1,1,1,3,1,0,24,81,53,1,2,1,1,1,0,2,1,0,2,0,0,حركة نداء تونس:1  الجبهة الشعبية:1  حركة النهضة:1  الاتحاد الوطني الحر:1  
23,3,8,75,1,175,85,200,0,115,115,85,200,0,0,82,2,1,85,0,False,18:15,19:10,1,0,1,0,0,0,1,2,1,1,10,0,0,2,0,1,0,2,0,4,0,2,1,2,0,12,0,1,6,18,7,1,1,1,0,1,0,0,0,0,2,1,0,الجبهة الشعبية:1  حركة النهضة:1  
23,3,8,74,1,357,202,400,0,198,198,202,400,0,0,183,13,6,202,0,False,1810,2010,0,2,1,4,0,1,1,2,3,1,6,0,3,6,0,0,0,1,1,2,7,2,1,2,1,16,0,3,17,40,42,2,1,1,1,2,0,2,0,3,3,0,3,حركة نداء تونس:1  حركة النهضة:1  
23,3,8,73,1,320,214,400,0,186,186,214,400,0,0,195,9,10,214,0,False,1805,2000,0,2,0,8,0,1,3,2,0,1,3,1,0,4,1,0,1,2,1,1,2,2,1,1,2,6,3,0,6,44,92,0,1,1,0,0,0,1,0,0,3,0,0,حركة نداء تونس:1  الجبهة الشعبية:1  حركة النهضة:1  الاتحاد الوطني الحر:1  
23,3,8,72,2,361,157,400,15,228,243,157,400,0,0,146,7,4,157,0,False,1815,2040,0,1,0,3,0,0,5,1,1,1,16,3,2,0,0,2,0,2,0,5,1,0,1,0,1,1,1,0,11,40,46,0,0,0,0,0,0,0,0,1,1,0,0,الجبهة الشعبية:1  حركة نداء تونس:1  حركة النهضة:1  
23,3,8,72,1,361,246,400,1,153,154,246,400,0,0,209,30,7,246,0,False,1810,2045,2,1,2,2,0,2,1,5,2,2,13,24,3,0,0,1,0,0,0,3,4,1,3,4,1,4,3,1,11,47,54,1,0,0,1,0,0,0,2,0,2,2,6,حركة النهضة:1  حركة نداء تونس:1  الجبهة الشعبية:1  :  
23,3,7,70,1,150,93,200,2,105,117,93,200,0,0,86,4,3,93,0,False,1800,1930,0,3,0,1,0,0,0,0,2,0,2,0,0,1,1,0,0,1,0,3,1,1,0,1,1,2,0,0,9,42,13,0,0,0,0,0,0,1,0,0,1,0,0,حركة نداء تونس:1  
23,3,7,69,1,205,120,300,2,178,180,120,300,0,0,110,7,3,120,0,False,18h30,20h,0,2,0,3,0,0,2,12,0,0,1,0,0,1,0,0,1,0,0,2,1,1,1,0,0,4,1,0,7,28,36,0,0,0,3,2,0,0,0,1,1,0,0,حركة نداء تونس:2  حركة النهضة:1  
23,3,7,68,1,248,183,300,0,117,117,183,300,0,0,178,3,2,183,0,False,18h,20h15,2,3,1,2,0,1,0,1,0,1,2,4,2,1,0,4,1,2,1,4,2,1,5,0,0,3,1,1,10,39,75,0,0,1,1,1,0,3,0,0,2,0,1,حركة نداء تونس:1  
23,3,7,67,1,322,218,400,0,182,182,218,400,0,0,211,7,0,218,0,False,1805,1935,2,2,1,1,0,0,0,1,2,0,5,1,0,2,1,0,0,1,2,7,1,1,0,3,1,1,1,1,4,122,43,0,0,0,1,1,0,1,1,0,1,0,0,الجبهة الشعبية:1  حركة نداء تونس:1  
23,3,7,66,2,354,166,400,0,234,234,166,400,0,0,161,5,0,166,0,False,18h45,,0,2,0,5,0,0,5,2,2,1,6,0,0,3,0,1,0,1,0,3,4,1,0,0,0,2,2,0,25,59,35,0,1,0,0,1,1,0,0,0,3,1,0,الجبهة الشعبية:1  حركة نداء تونس:1  حركة النهضة:1  
23,3,7,66,1,355,229,400,0,172,172,228,400,0,1,189,34,5,228,0,False,1815,2030,3,1,0,3,1,0,3,3,2,1,4,0,1,1,0,0,3,2,0,2,3,3,1,4,0,4,1,2,23,44,66,1,0,0,2,1,0,2,0,1,0,0,1,الجبهة الشعبية:1  حركة نداء تونس:1  حركة النهضة:1  
23,3,6,65,1,439,290,501,0,211,211,290,501,0,0,273,15,2,290,0,True,19:00,20:35,2,2,0,10,0,0,1,3,3,1,1,2,1,2,0,1,1,3,1,6,4,2,2,3,0,7,4,2,6,169,26,2,1,1,0,0,0,2,1,0,0,0,1,حركة نداء تونس:2  
23,3,6,64,1,347,262,400,2,136,138,262,400,0,0,246,12,4,262,0,False,18:22,21:05,1,3,0,15,0,0,1,2,5,0,0,8,1,1,1,0,0,4,0,13,4,1,0,2,0,3,1,3,0,111,60,2,0,0,1,1,0,0,0,0,0,1,1,الجبهة الشعبية:1  حركة نداء تونس:1  
23,3,5,62,1,257,153,298,18,127,145,153,298,0,0,141,8,4,153,0,True,1800,1945,0,1,0,4,0,1,2,1,1,0,0,2,0,1,0,0,0,0,0,1,1,0,0,1,0,4,0,1,0,50,65,2,0,0,1,0,0,0,0,0,1,1,0,حركة النهضة:1  الجبهة الشعبية:1  حركة نداء تونس:2  :  
23,3,5,61,1,148,96,200,3,101,104,96,200,0,0,92,3,1,96,0,False,1830,1920,1,1,0,0,0,0,0,0,1,0,6,2,0,1,0,0,0,0,0,1,2,0,0,0,0,3,0,1,5,28,38,0,0,0,0,0,0,2,0,0,0,0,1,حركة نداء تونس:1  حركة النهضة:1  
23,3,5,60,1,522,309,596,0,287,287,309,596,0,0,286,17,6,309,0,False,19.00,20.45,1,2,1,6,2,0,1,0,2,1,8,0,1,3,0,0,0,3,0,0,1,1,0,2,2,1,1,2,3,49,176,3,1,1,1,1,0,1,1,1,5,1,1,حركة نداء تونس:2  الجبهة الشعبية:1  
23,3,4,59,1,188,109,200,0,91,91,109,200,0,0,104,3,2,109,0,False,18.15,19.45,0,3,0,3,1,0,0,5,0,0,7,0,0,0,0,0,1,1,0,0,0,1,0,0,0,3,1,0,2,35,38,0,0,0,0,0,0,0,0,1,2,0,0,حركة نداء تونس:1  حركة النهضة:1  
23,3,3,58,1,232,168,300,0,132,132,168,300,0,0,157,7,4,168,0,False,18.30,19.30,0,0,2,3,0,1,1,3,1,1,10,0,0,0,1,1,1,2,1,0,1,0,0,1,0,7,0,0,3,93,14,0,0,0,0,0,1,2,2,0,2,2,1,حركة نداء تونس:2  الجبهة الشعبية:1  حركة النهضة:1  
23,3,3,57,2,398,302,400,0,98,98,302,400,0,0,297,3,2,302,0,False,1915,2055,0,8,0,5,0,0,2,1,3,1,3,0,0,1,0,0,3,0,0,10,1,0,0,0,0,2,1,1,3,192,36,0,0,1,1,16,0,2,0,0,4,0,0,الجبهة الشعبية:1  آفاق تونس:1  التكتل من أجل العمل والحريات:1  الاتحاد الوطني الحر:1  حركة نداء تونس:1  حركة النهضة:1  
23,3,3,57,1,399,330,402,0,72,72,330,402,0,0,319,7,4,330,0,True,1835,2020,1,4,0,4,1,0,6,2,4,5,3,0,4,4,2,3,1,5,0,4,1,0,5,3,2,13,1,2,5,142,77,1,0,2,0,5,1,0,0,1,5,0,0,آفاق تونس:1  الجبهة الشعبية:1  
23,3,3,56,1,552,489,600,1,161,162,438,600,0,1,419,9,9,438,0,False,18.20,20.30,3,4,0,7,0,1,10,4,1,0,9,0,1,1,0,1,1,1,0,6,1,1,0,1,2,3,1,0,7,250,99,1,0,0,0,1,0,1,1,0,0,0,0,حركة نداء تونس:1  الجبهة الشعبية:1  حركة النهضة:1  الاتحاد الوطني الحر:1  
23,3,2,55,1,164,105,200,1,94,95,105,200,0,0,91,8,6,105,0,True,18:19,19:15,0,1,2,4,1,0,0,0,0,0,10,0,0,0,0,0,1,1,0,1,2,1,3,0,0,2,0,1,3,25,27,0,1,0,1,0,0,0,0,0,0,1,2,حركة نداء تونس:  الجبهة الشعبية:  حركة النهضة:  
23,3,2,54,1,270,181,300,0,119,119,181,300,0,0,166,8,7,181,0,True,18:20,20:40,3,1,1,6,0,0,4,0,2,0,42,1,1,1,0,1,2,2,4,2,1,2,1,1,1,6,0,1,4,30,42,0,1,0,0,0,0,0,0,1,0,0,2,حركة نداء تونس:  الجبهة الشعبية:  حركة النهضة:  الاتحاد الوطني الحر:  
23,3,2,53,1,108,74,200,0,126,126,74,200,0,0,65,5,4,74,0,False,18.10,18.55,0,1,0,1,0,0,0,0,0,0,1,1,0,1,0,0,0,2,0,0,1,0,0,0,1,3,1,0,2,1,46,2,0,1,0,0,0,0,0,0,0,0,0,حركة نداء تونس:1  حركة النهضة:1  
23,3,2,52,1,203,156,300,0,144,144,156,300,0,0,142,10,4,156,0,False,1830,2000,1,2,0,1,0,0,1,0,2,1,0,1,1,0,1,0,1,0,0,0,0,0,3,1,0,6,1,0,3,61,49,0,2,1,1,0,0,1,0,1,0,0,0,حركة نداء تونس:2  الجبهة الشعبية:1  
23,3,2,51,1,478,311,500,0,189,189,311,500,0,0,300,8,3,311,0,False,18.11,21.39,1,3,0,17,0,1,1,3,2,0,22,1,4,0,0,0,1,3,1,1,3,1,2,1,1,8,1,1,8,96,108,0,1,0,0,0,0,1,0,3,3,1,0,حركة نداء تونس:2  الجبهة الشعبية:1  حركة النهضة:1  الاتحاد الوطني الحر:1  
23,3,2,50,1,435,273,498,0,225,225,273,498,0,0,259,13,1,273,0,True,18.20,20.45,0,2,2,3,1,0,3,5,1,1,69,1,4,1,0,0,0,1,1,1,5,5,1,0,2,13,2,1,6,44,67,1,3,1,2,0,0,2,1,3,3,0,1,حركة نداء تونس:2  الجبهة الشعبية:1  حركة النهضة:2  التكتل من أجل العمل والحريات:1  الاتحاد الوطني الحر:1  
23,3,1,49,1,488,360,598,3,237,240,358,598,0,2,348,4,6,358,0,False,18.40,21.10,3,3,1,18,0,0,4,13,6,0,31,5,0,3,0,0,0,2,0,4,0,0,0,0,0,0,3,0,34,109,97,1,0,2,5,1,0,2,0,0,0,1,0,حركة نداء تونس:2  الجبهة الشعبية:1  الاتحاد الوطني الحر:1  
23,3,1,48,2,473,236,501,1,236,264,236,501,0,0,232,0,4,236,0,False,,,0,1,1,10,0,0,3,4,4,0,30,0,0,1,0,0,0,0,0,9,0,0,1,0,0,2,0,0,18,85,61,0,0,0,1,0,0,0,0,0,1,0,0,حركة نداء تونس:1  الجبهة الشعبية:1  حركة النهضة:1  
23,3,1,48,1,473,352,500,0,148,148,500,502,0,0,328,11,13,352,0,False,1805,2125,1,4,1,7,0,1,0,10,4,0,34,4,2,1,0,1,3,3,0,7,0,2,2,1,0,4,2,3,24,97,105,2,0,0,1,0,0,0,0,1,0,1,0,حركة نداء تونس:2  الاتحاد الوطني الحر:1  التكتل من أجل العمل والحريات:1  الجبهة الشعبية:1  حركة النهضة:1  
23,3,1,47,4,460,266,500,0,234,234,266,500,0,0,262,0,4,266,0,False,18.20,,0,3,0,11,0,0,2,4,4,0,29,1,0,1,0,0,0,1,0,5,1,0,0,1,0,4,0,0,25,103,63,2,0,0,0,0,1,0,0,0,1,0,0,حركة نداء تونس:1  آفاق تونس:1  حركة النهضة:1  الاتحاد الوطني الحر:1  الجبهة الشعبية:1  
23,3,1,47,3,461,302,500,2,196,198,302,500,0,0,293,4,5,302,0,True,18.26,20.35,1,1,0,4,0,0,2,3,6,0,34,1,0,3,0,0,0,1,0,4,0,0,0,1,0,3,0,1,36,105,85,0,2,0,0,0,0,0,0,0,0,0,0,آفاق تونس:1  الاتحاد الوطني الحر:1  حركة نداء تونس:1  الجبهة الشعبية:1  حركة النهضة:1  
23,3,1,47,2,461,353,500,4,143,147,353,500,0,0,346,4,3,353,0,False,19.20,20.48,0,0,0,4,0,0,2,18,10,0,57,1,0,2,0,0,0,1,0,7,0,1,0,0,0,6,0,1,24,113,96,1,0,0,0,0,0,0,0,1,1,0,0,حركة نداء تونس:1  آفاق تونس:1  حركة النهضة:1  الجبهة الشعبية:1  الاتحاد الوطني الحر:1  التكتل من أجل العمل والحريات:1  
23,3,1,47,1,461,353,500,0,147,147,353,500,0,0,334,9,10,19,334,False,18.15,20.20,3,1,3,5,0,1,1,12,1,2,21,9,3,2,0,1,1,0,0,1,3,1,0,2,1,1,1,0,20,98,128,1,0,0,1,0,1,1,0,0,6,1,1,حركة نداء تونس:1  التكتل من أجل العمل والحريات:1  الاتحاد الوطني الحر:1  الجبهة الشعبية:1  حركة النهضة:1  المصالحة:1  
